:020000040800F2
:10000000801A0020C92D000891920008B52D000823
:10001000B52D0008B52D0008B52D00080000000022
:10002000000000000000000000000000FD2D00089E
:10003000B52D000800000000C5300008A14C0008E4
:1000400079310008793100087931000879310008E8
:1000500079310008793100087931000879310008D8
:1000600079310008793100087931000879310008C8
:1000700079310008793100087931000879310008B8
:1000800079310008793100087931000879310008A8
:100090007931000879310008793100087931000898
:1000A0007931000879310008793100087931000888
:1000B0007931000879310008793100087931000878
:1000C0007931000879310008793100087931000868
:1000D0007931000879310008793100087931000858
:1000E0007931000879310008793100087931000848
:1000F0007931000879310008793100087931000838
:100100007931000879310008793100087931000827
:100110007931000879310008793100087931000817
:100120007931000879310008793100087931000807
:1001300079310008793100087931000879310008F7
:1001400079310008793100087931000879310008E7
:1001500079310008793100087931000879310008D7
:08016000793100087931000833
:1001680081F0004102E000BF83F0004330B54FEA60
:1001780041044FEA430594EA050F08BF90EA020FCD
:100188001FBF54EA000C55EA020C7FEA645C7FEA60
:10019800655C00F0E2804FEA5454D4EB5555B8BF83
:1001A8006D420CDD2C4480EA020281EA030382EAF4
:1001B800000083EA010180EA020281EA0303362D86
:1001C80088BF30BD11F0004F4FEA01314FF4801C59
:1001D8004CEA113102D0404261EB410113F0004F6B
:1001E8004FEA03334CEA133302D0524263EB430322
:1001F80094EA050F00F0A780A4F10104D5F1200EC0
:100208000DDB02FA0EFC22FA05F2801841F100011A
:1002180003FA0EF2801843FA05F359410EE0A5F1EE
:1002280020050EF1200E012A03FA0EFC28BF4CF01F
:10023800020C43FA05F3C01851EBE37101F00045D5
:1002480007D54FF0000EDCF1000C7EEB00006EEBE2
:100258000101B1F5801F1BD3B1F5001F0CD349086C
:100268005FEA30004FEA3C0C04F101044FEA4452C3
:1002780012F5800F80F09A80BCF1004F08BF5FEA4A
:10028800500C50F1000041EB045141EA050130BD2A
:100298005FEA4C0C404141EB0101013C28BFB1F53C
:1002A800801FE9D291F0000F04BF01460020B1FA87
:1002B80081F308BF2033A3F10B03B3F120020CDA5A
:1002C8000C3208DD02F1140CC2F10C0201FA0CF038
:1002D80021FA02F10CE002F11402D8BFC2F1200C9D
:1002E80001FA02F120FA0CFCDCBF41EA0C01904053
:1002F800E41AA2BF01EB0451294330BD6FEA04049C
:100308001F3C1CDA0C340EDC04F11404C4F1200286
:1003180020FA04F001FA02F340EA030021FA04F398
:1003280045EA030130BDC4F10C04C4F1200220FAEF
:1003380002F001FA04F340EA0300294630BD21FA2D
:1003480004F0294630BD94F0000F83F4801306BFF3
:1003580081F480110134013D4EE77FEA645C18BFE7
:100368007FEA655C29D094EA050F08BF90EA020F7E
:1003780005D054EA000C04BF1946104630BD91EA76
:10038800030F1EBF0021002030BD5FEA545C05D179
:100398004000494128BF41F0004130BD14F58004B8
:1003A8003CBF01F5801130BD01F0004545F0FE412C
:1003B80041F470014FF0000030BD7FEA645C1ABF61
:1003C800194610467FEA655C1CBF0B46024650EA98
:1003D800013406BF52EA033591EA030F41F40021C4
:1003E80030BD00BF90F0000F04BF0021704730B54A
:1003F8004FF4806404F132044FF000054FF000011F
:1004080050E700BF90F0000F04BF0021704730B5DF
:100418004FF4806404F1320410F0004548BF4042B4
:100428004FF000013EE700BF42004FEAE2014FEA09
:1004380031014FEA02701FBF12F07F4393F07F4FE4
:1004480081F06051704732F07F4208BF704793F0E7
:100458007F4F04BF41F40021704730B54FF46074FA
:1004680001F0004521F000411CE700BF50EA0102FD
:1004780008BF704730B54FF000050AE050EA0102A6
:1004880008BF704730B511F0004502D5404261EB16
:1004980041014FF4806404F132045FEA915C3FF457
:1004A800D8AE4FF003025FEADC0C18BF03325FEAF4
:1004B800DC0C18BF033202EBDC02C2F1200300FAA5
:1004C80003FC20FA02F001FA03FE40EA0E0021FACA
:1004D80002F11444BDE600BF70B54FF0FF0C4CF4B8
:1004E800E06C1CEA11541DBF1CEA135594EA0C0F6A
:1004F80095EA0C0F00F0DEF82C4481EA030621EAA5
:100508004C5123EA4C5350EA013518BF52EA0335DF
:1005180041F4801143F4801338D0A0FB02CE4FF091
:100528000005E1FB02E506F00042E0FB03E54FF0C1
:100538000006E1FB03569CF0000F18BF4EF0010EB9
:10054800A4F1FF04B6F5007F64F5407404D25FEAB5
:100558004E0E6D4146EB060642EAC62141EA555168
:100568004FEAC52040EA5E504FEACE2EB4F1FD0CAA
:1005780088BFBCF5E06F1ED8BEF1004F08BF5FEA28
:10058800500E50F1000041EB045170BD06F00046DA
:1005980046EA010140EA020081EA0301B4EB5C0487
:1005A800C2BFD4EB0C0541EA045170BD41F480117F
:1005B8004FF0000E013C00F3AB8014F1360FDEBFA4
:1005C800002001F0004170BDC4F10004203C35DA80
:1005D8000C341BDC04F11404C4F1200500FA05F303
:1005E80020FA04F001FA05F240EA020001F00042A4
:1005F80021F0004110EBD37021FA04F642EB06011A
:100608005EEA430E08BF20EAD37070BDC4F10C0443
:10061800C4F1200500FA04F320FA05F001FA04F207
:1006280040EA020001F0004110EBD37041F10001F3
:100638005EEA430E08BF20EAD37070BDC4F12005FE
:1006480000FA05F24EEA020E20FA04F301FA05F266
:1006580043EA020321FA04F001F0004121FA04F20E
:1006680020EA020000EBD3705EEA430E08BF20EADE
:10067800D37070BD94F0000F0FD101F00046400018
:1006880041EB010111F4801F08BF013CF7D041EA9A
:10069800060195F0000F18BF704703F0004652009E
:1006A80043EB030313F4801F08BF013DF7D043EA6F
:1006B8000603704794EA0C0F0CEA135518BF95EA25
:1006C8000C0F0CD050EA410618BF52EA4306D1D1AC
:1006D80081EA030101F000414FF0000070BD50EACB
:1006E800410606BF1046194652EA430619D094EA55
:1006F8000C0F02D150EA013613D195EA0C0F05D13F
:1007080052EA03361CBF104619460AD181EA030192
:1007180001F0004141F0FE4141F470014FF000004A
:1007280070BD41F0FE4141F4780170BD70B54FF0E5
:10073800FF0C4CF4E06C1CEA11541DBF1CEA135565
:1007480094EA0C0F95EA0C0F00F0A7F8A4EB050447
:1007580081EA030E52EA03354FEA013100F088803E
:100768004FEA03334FF0805545EA131343EA126307
:100778004FEA022245EA111545EA10654FEA0026BC
:100788000EF000419D4208BF964244F1FD0404F575
:10079800407402D25B084FEA3202B61A65EB0305D1
:1007A8005B084FEA32024FF480104FF4002CB6EB8E
:1007B800020E75EB030E22BFB61A754640EA0C000E
:1007C8005B084FEA3202B6EB020E75EB030E22BF4E
:1007D800B61A754640EA5C005B084FEA3202B6EB8F
:1007E800020E75EB030E22BFB61A754640EA9C004E
:1007F8005B084FEA3202B6EB020E75EB030E22BF1E
:10080800B61A754640EADC0055EA060E18D04FEADB
:10081800051545EA16754FEA06164FEAC30343EA7B
:1008280052734FEAC2025FEA1C1CC0D111F4801F48
:100838000BD141EA00014FF000004FF0004CB6E741
:1008480011F4801F04BF01430020B4F1FD0C88BFE0
:10085800BCF5E06F3FF6AFAEB5EB030C04BFB6EBEB
:10086800020C5FEA500C50F1000041EB045170BDDE
:100878000EF0004E4EEA113114EB5C04C2BFD4EB0B
:100888000C0541EA045170BD41F480114FF0000E8F
:10089800013C90E645EA060E8DE60CEA135594EA0B
:1008A8000C0F08BF95EA0C0F3FF43BAF94EA0C0F0E
:1008B8000AD150EA01347FF434AF95EA0C0F7FF483
:1008C80025AF104619462CE795EA0C0F06D152EAD7
:1008D80003353FF4FDAE1046194622E750EA4106BB
:1008E80018BF52EA43067FF4C5AE50EA41047FF4CC
:1008F8000DAF52EA43057FF4EBAE12E74FEA41022F
:10090800B2F1E04324BFB3F5001CDCF1FE5C0DD965
:1009180001F0004C4FEAC0024CEA5070B2F1004FAF
:1009280040EB830008BF20F00100704711F0804FB2
:1009380021D113F13872BCBF01F00040704741F477
:1009480080114FEA5252C2F11802C2F1200C10FA7B
:100958000CF320FA02F018BF40F001004FEAC1235F
:100968004FEAD32303FA0CFC40EA0C0023FA02F303
:100978004FEA4303CCE77FEA625307D150EA0133D9
:100988001EBF4FF0FE4040F44000704701F00040A9
:1009980040F0FE4040F40000704700BF80F0004087
:1009A80002E000BF81F0004142001FBF5FEA41033F
:1009B80092EA030F7FEA226C7FEA236C6AD04FEA3F
:1009C8001262D2EB1363C1BFD21841404840414084
:1009D800B8BF5B42192B88BF704710F0004F40F436
:1009E800000020F07F4018BF404211F0004F41F452
:1009F800000121F07F4118BF494292EA030F3FD01E
:100A0800A2F1010241FA03FC10EB0C00C3F1200330
:100A180001FA03F100F0004302D5494260EB4000BF
:100A2800B0F5000F13D3B0F1807F06D340084FEA2A
:100A3800310102F10102FE2A51D2B1F1004F40EB1F
:100A4800C25008BF20F0010040EA03007047490087
:100A580040EB0000013A28BFB0F5000FEDD2B0FA24
:100A680080FCACF1080CB2EB0C0200FA0CF0AABF47
:100A780000EBC25052421843BCBFD04018437047E5
:100A880092F0000F81F4000106BF80F400000132EB
:100A9800013BB5E74FEA41037FEA226C18BF7FEAC2
:100AA800236C21D092EA030F04D092F0000F08BF04
:100AB8000846704790EA010F1CBF0020704712F0EB
:100AC8007F4F04D1400028BF40F00040704712F12A
:100AD80000723CBF00F50000704700F0004343F08F
:100AE800FE4040F4000070477FEA226216BF0846C5
:100AF8007FEA23630146420206BF5FEA412390EA88
:100B0800010F40F4800070474FF0000304E000BF7D
:100B180010F0004348BF40425FEA000C08BF70472E
:100B280043F0964301464FF000001CE050EA0102F2
:100B380008BF70474FF000030AE000BF50EA010207
:100B480008BF704711F0004302D5404261EB4101F4
:100B58005FEA010C02BF84460146002043F0B64319
:100B680008BFA3F18053A3F50003BCFA8CF2083A3E
:100B7800A3EBC25310DB01FA02FC634400FA02FC47
:100B8800C2F12002BCF1004F20FA02F243EB02004E
:100B980008BF20F00100704702F1200201FA02FCB0
:100BA800C2F1200250EA4C0021FA02F243EB0200A3
:100BB80008BF20EADC70704753B94AB9002908BF5A
:100BC80000281CBF4FF0FF314FF0FF3000F00CB889
:100BD800ADF1080C6DE904CE00F012F8DDF804E080
:100BE800DDE9022304B07047704700BF10F8012BFD
:100BF80011F8013B012A28BF9A42F7D0D01A704752
:100C08002DE9F0478C468E46089E1546044619463F
:100C1800002B40F0D080724547D9B2FA82F74FB125
:100C2800C7F120030EFA07FC20FA03F3BD4043EA9C
:100C38000C0CBC404FEA154EA8B2BCFBFEF8230CC6
:100C48000EFB18CC08FB00F943EA0C43994528D958
:100C5800EB1808F1FF3204D2994502D9A8F1020233
:100C68002B44A3EB0903A4B2B3FBFEFC0EFB1C331D
:100C78000CFB00F044EA0344A04214D92C190CF1EF
:100C8800FF3304D2A04202D9ACF102032C44241A47
:100C980043EA02401EB1FC40002334607360BDE8A3
:100CA800F0874246DDE76346F1E7002A79D0B2FAD9
:100CB80082F3002B3FD01946C1F1200302FA01F557
:100CC8002EFA03F20EFA01FE20FA03F343EA0E03AA
:100CD8004FEA154E00FA01F4B2FBFEFCAFB20EFB70
:100CE8001C201A0C0CFB07F842EA004290455AD91E
:100CF800AA180CF1FF3004D2904502D9ACF10200D9
:100D08002A44A2EB08029BB2B2FBFEFC0EFB1C229B
:100D18000CFB07F743EA02439F4246D9EB180CF154
:100D2800FF3204D29F4202D9ACF102022B44DB1BF2
:100D380042EA004202E0AEEB020301224FEA154EFE
:100D4800AFB2B3FBFEFC200C0EFB1C330CFB07F808
:100D580040EA034398452AD9EB180CF1FF3004D236
:100D6800984502D9ACF102002B44A3EB0803A4B2C6
:100D7800B3FBFEFC0EFB1C330CFB07F744EA0344F1
:100D8800A74216D92C190CF1FF3304D2A74202D975
:100D9800ACF102032C44E41B43EA00400F46114621
:100DA80078E71F2188E76046ABE76246BFE7604601
:100DB800DBE76346EFE7734506D916B90021084615
:100DC8006DE7C6E9000EF9E7B3FA83F787B973450B
:100DD80001D3824207D8841A6EEB030301209C4694
:100DE8001EB900215BE73846FAE7C6E9004CF8E788
:100DF800C7F1200CBB4022FA0CF51D4320FA0CF178
:100E08002EFA0CF30EFA07FE41EA0E014FEA1549D5
:100E180000FA07F4B3FBF9F81FFA85FE09FB18304E
:100E28000B0C08FB0EFA43EA00439A4502FA07F254
:100E380040D9EB1808F1FF3004D29A4502D9A8F13D
:100E480002002B44A3EB0A0389B2B3FBF9F809FBB0
:100E5800183308FB0EFE41EA03418E452CD9691868
:100E680008F1FF3304D28E4502D9A8F102032944C0
:100E780043EA0040A0FB0298A1EB0E014145CE4693
:100E8800434602D306D14C4504D2B9EB020E68EBB7
:100E980005030138002EA4D0B4EB0E0261EB030168
:100EA80001FA0CFC22FA07F34CEA0303F940C6E9FD
:100EB800003196E74046C5E74346D9E70000000001
:100EC80037B5174C206809F06DF800B3206801F0B9
:100ED800B3F820680E216A4601F074F80198FFF70C
:100EE80091FA0DA3D3E90023FFF720FC04460098EC
:100EF8000D46FFF787FA02460B4620462946FFF7BC
:100F080035F9FFF7FBFC00EE100A03B030BD9FED8A
:100F1800050AFAE7AFF300800000000080842E4144
:100F280008000020000000002DE9F04F044689B0B9
:100F3800DFF80081384BD8F808609E420CD2374F52
:100F4800BE4209D3736806AA012140469847002883
:100F580012DA09B0BDE8F08F314A324932484FF40D
:100F6800217308F0E6F83149314808F0E2F84FF407
:100F780021712B4808F0D4F8DDE9065B4FF47A7349
:100F88005C43A4FB052304FB0B3304920393DDE9C4
:100F980003101FA3D3E90023FFF70EFE049BDFF81D
:100FA800989005904FF0FF3A9A45039B79EB03031D
:100FB800CFD36308A3FB054503FB0B55294614A3B0
:100FC800D3E900232046FFF7F7FDA24579EB050595
:100FD8000346BED3059A8242BBD30F4A964209D232
:100FE800BE4207D3002200923468059A0121404688
:100FF800A047AEE70A4A0B490B4840F26F2308F0B6
:1010080098F80A490A4808F094F840F26F21B0E7C6
:1010180000CA9A3B000000006CAD000864AD0008EF
:10102800BEBE0008EEBE0008E7B4000824C00008F1
:1010380057B6000884AA0008FFC99A3B00000000C0
:101048002DE9F84F2DED028B81468846002319F8CB
:101058000370202F03F1010200F0A181A7F109011B
:10106800042940F29C812B2F144631D02D2F34D0E7
:10107800042547F02003692B31D06E2B6AD000225B
:101088004FF00A0B924694461346114615F4006039
:1010980075D047F02006A6F1610EBEF1050F6ED897
:1010A800573EF6B25E456FD347F02007782F05F01C
:1010B800800640F0AE80002E5DD053EA010640F075
:1010C800AA8045F4006E1FFA8EFE4FF0100B8EE0DA
:1010D800042519F802709C1CCBE74425F9E79FED1D
:1010E800B28BB74B13F8011B51B119F8042042F029
:1010F80020028A4204F1010030D0B24A93423AD128
:10110800B0EE480AF0EE680A09F07EFA50B119F814
:101118000430282B06D1013419F80430292B04F1A6
:1011280001041DD16B0607D518EE901A18EE102A87
:1011380001F1004343EC182BB8F1000F02D04C44E6
:10114800C8F80040B0EE480AF0EE680ABDEC028B21
:10115800BDE8F88F9FED968B9B4BC3E70446C1E72C
:1011680023F02002413A192AD6D9A3F13002092ADC
:10117800D2D95F2BD0D09FED908B0024DCE7A7F16C
:101188003006F6B25E4539D245F0800E15F480700F
:101198001FFA8EFE23D1BBF10A0F14BF0F271027A9
:1011A800BA450EDCAF0527D4ABFB0335F3180BFBB0
:1011B800015545F1000153EA010018D00AF1010A6E
:1011C80015E045F4C07EBBF10A0F1FFA8EFE06D16A
:1011D800042E04D9052E08BF06464FF0020C002E37
:1011E80018BF4CF0010C1EF4007F00D1013219F831
:1011F80004707546013449E7013AD5E7FE2E7FF4BD
:1012080053AFAE053FF550AF45F4007E1FFA8EFE92
:10121800EDE7002EAFD0002877D092007020B842BA
:1012280018D119F804002B2804F1010604D02D2840
:101238006DD145F48065ADB219F80670A61C044658
:101248003846A0F13007092F64D901340CBF06F1E4
:10125800FF34B41E53EA010004F1FF3400F09C800F
:1012680028057CD53632B1F5800F6BD3574FB1F5D1
:10127800000F6BD2BA4269DB4CEA030303F00306A2
:10128800032E084603D003F00606062E09D10433C0
:1012980041F10000B0F5000F22BF013201234FF4E5
:1012A8008000B2F5806F74DAB0F5800F4FEA9006CF
:1012B8004FEA930326BF02F2FF3226F4801600227B
:1012C80043EA8073184646EA025141EC180BB0EE27
:1012D800480AF0EE680A07F02DFD0138022804D804
:1012E80001F058FF3A4B22221A50B0EE480AF0EEAD
:1012F800680A07F01FFD013802283FF613AF01F016
:1013080049FF334B22221A500CE7652087E74FF03C
:10131800FF3496E7002440F2D34E4FF00A0B744591
:10132800DCBF30380BFB040419F80600A0F13007C5
:10133800092F06F10106F2D96F0548BF644222441D
:10134800344687E7DB184941013A8CE75E0846EAEC
:10135800C17603F0010333434908013287E7924419
:101368001AF5A27F12DDBAF59B7F12DA03F00100AD
:1013780040EA0C0001308008181841F1000100F023
:101388002BF8B0EE408AF0EE608AAEE79FED0A8B4C
:10139800ABE79FED058BA8E79FED078BC2E61346E9
:1013A80055E600BFAFF30080000000000000F07FAA
:1013B800000000000000F87F0000000000000000AE
:1013C800B2DC0008B5DC0008AFDC000802FCFFFF57
:1013D8000C000000000000002DE9FF47804616467B
:1013E8000F46002900F0A380B1FA81F4341B002EC7
:1013F80004F10A04C0F2A380304607F07DFB0444E0
:10140800304607F07FFBA4EB0609054669463046DF
:1014180007F0A0FBA9EB05037D336A464046394631
:1014280008F010FFA64282460D4600F38480B9F109
:101438003F0F00F382804FF0FF33A9F1200003FA39
:1014480000F003FA09F2C9F12001024323FA01F17D
:101458000A4303FA09F328EA030327EA02021343BB
:101468000CBF01200020002D00F08B80B5FA85F319
:10147800E31A03F23E4340F2FE72934200F3878080
:10148800002B23EAE371CCBF0A460122121BA2F209
:101498003344C4F12007A2F2344EA2F253432AFA8D
:1014A80004F605FA07F73E4325FA03F3CEF1200CBC
:1014B800A2F254471E4305FA0CFC2AFA0EF343EA3B
:1014C8000C0325FA07F73B4313F0010325FA04F44C
:1014D800CEF12008A2F2544218D04FF0FF3707FA95
:1014E80002F307FA0EFC4CEA030C27FA08F34CEA5D
:1014F800030C07FA0EF72AEA070A25EA0C055AEA46
:10150800050A42D1002840D006F001039A1944F197
:101518000004C4F3130452EA040008BFC9181646AD
:1015280044EA015747EC106B04B0BDE8F087B0FA05
:1015380080F420345AE7012095E7002093E7C6F1AC
:101548000009484607F0DEFA241A484607F0DAFA96
:10155800A61B0546694648462E4407F06FFB06F170
:101568007C036A464046394608F06CFE82460D46C2
:101578004046394607F0D6FA81458CBF0020012045
:1015880071E7BAFA8AF3203372E70123BEE79FEDC9
:10159800020BC9E7AFF30080000000000000F07FF5
:1015A80010B560B91348144A14499C2307F0C1FDCB
:1015B800134807F0BEFD10489C2107F0B1FD836871
:1015C800104A934207D2104A934204D31B686BB95E
:1015D8006FF0570010BD084A0C4906489C2307F0D5
:1015E800A8FD0B490B4807F0A4FDE4E7BDE810404F
:1015F800184700BFE7B400089AB40008D9B4000837
:1016080004B50008E4AD0008D0AD000815B5000821
:1016180052B6000857B6000802460B46014803F0C8
:1016280007BF00BFA4000020014803F0C9BF00BFE6
:10163800A4000020F8B50E4D0E4F0F4E4FF0FF30AE
:101648004FF0FF31FFF7E8FF2B7853B13C7844B9EE
:10165800306830B107F0F9FB33685A7F0AB12C7053
:101668005C77FFF7E1FF0021642005F0AFF9E5E7BB
:101678006907002068070020C00400202DE9F04118
:101688002DED028B98B0202200210DAF10A808F094
:101698003FFD0024AD49AE480D947C603C8107F0C5
:1016A80074FBAC49AA4807F070FB00F0FDFDAA489E
:1016B80007F029FD25460CAEA8483146FFF770FF14
:1016C80040B99DF830300D2B0BD00A2B09D00135CD
:1016D8003B55EDB26420002105F078F9092D2C4620
:1016E800EAD104F160030DEB030400239C4904F8DC
:1016F8002C3C3846FFF77AFA9A4D00286FD19A4B5E
:101708009A482B6007F0FFFC994807F0FCFC9948C1
:1017180007F0F9FC07F031FB974BC3E90001002201
:101728000023CDE9062300240523CDE9033493499A
:10173800934B944800944FF48062CDE9014404F03F
:1017480081FA9148914F07F0DEFC84480DF127019A
:10175800FFF726FF002840F0F0809DF827108C48FE
:1017680007F0D1FC9DF827300D2BA04602D00A2B9C
:1017780040F0A78104F160030DEB030485480023C2
:1017880004F8203C07F0BFFC834910A8FFF72EFAA5
:1017980078BB4FF0FF304FF0FF31FFF73DFF3A784D
:1017A80032B92B681A775C6807F0E7FAC4E90001D8
:1017B8002B685C6807F0E1FAC4E90A012B685C68E9
:1017C80007F0DBFA754B0122C4E908011A700023FF
:1017D8003B70FFF729FF724807F095FCA9E0714BB1
:1017E80071482B6007F08FFC704807F08CFC70483C
:1017F8008EE7704910A8FFF7F9F90446C0B94FF011
:10180800FF304FF0FF31FFF707FF644B3C701C704F
:101818002B685A68002111615A6800200021C2E92A
:1018280008011C77FFF700FF00F088FD6248D3E746
:10183800624910A8FFF7DAF998B94FF0FF304FF076
:10184800FF31FFF7E9FE01233B702B685C6807F066
:1018580094FAC4E90801FFF7E7FE00F06FFD584865
:10186800BAE7584910A8FFF7C1F9044660BB4FF022
:10187800FF304FF0FF31FFF7CFFE484B3A4A1C705C
:101888002B683C7093421C7707D1002000215A6BCB
:101898001A64C3E914019A6C5A645C6807F06DFA1B
:1018A800C4E900012B685A68002111615B680021B6
:1018B8000020C3E90801FFF7B7FE254807F0A1FAA1
:1018C80000F03CFD404887E74049092210A808F08D
:1018D80037FC002840F086800DF1490008F020FC14
:1018E80051EC100BFFF70AF808EE100AB5EEC08AA3
:1018F800F1EE10FA06D9DFED367AB4EEE78AF1EEAA
:1019080010FA01DD334867E74FF0FF304FF0FF3141
:10191800FFF782FE2B68234A934213D183ED0D8A89
:10192800FFF782FEFDEEC87A2B4817EE901A07F0F3
:10193800EAFB2A4807F0E7FB00240021642005F0B1
:1019480045F802E7FFF770FE254845E70400002048
:10195800C8040020000000206EB60008DCA90008BA
:101968008BB60008C0040020B001002092B6000821
:101978009FB60008D6B6000808020020800700209D
:101988003D160008B800002083B70008680700204B
:10199800DEB70008EFD50008E1B7000869070020A6
:1019A800E7B70008780100201FB700082EB7000825
:1019B80047B70008F3B70008F8B7000804B80008EC
:1019C8000AB8000815B800081BB8000825B80008B0
:1019D8000000FA432FB8000856B8000888B6000877
:1019E8006FB800083D49092210A808F0A9FB002893
:1019F8004DD13B4900960BAB0AAA0DF1490005F001
:101A080099FC03281BD19DED0A7AB5EEC07AF1EE58
:101A180010FA14D9DDED0B7AB4EEE77AF1EE10FA8C
:101A28000DDA9FED307AF4EEC77AF1EE10FA06DCA3
:101A3800DDED0C7AF5EEC07AF1EE10FA01D82A48FD
:101A4800CAE64FF0FF304FF0FF31FFF7E5FD274BB7
:101A58000B990A9AD9630C995A6399631A64FFF728
:101A6800E3FDDDED0C7A2248FDEEE77A17EE903AB9
:101A7800DDED0B7AFDEEE77A17EE902ADDED0A7AB6
:101A8800FDEEE77A17EE901A07F03DFB51E719498A
:101A980010A8FFF7ABF890B94FF0FF304FF0FF31C7
:101AA800FFF7BAFD144B28681049984218BF194629
:101AB80007F0E0F92860FFF7B7FD10488CE61048FA
:101AC8008AE61E2C3FF639AF08F160020DEB0208DA
:101AD8000134E4B208F8203C2FE700BF98B80008AA
:101AE800A2B800080000FA43ABB80008B001002013
:101AF800E6B800080DB900087801002012B90008FE
:101B080024B900081C4BDFF890C0F0B51B4D1D60D0
:101B1800DFF888E01A4D5D630022002000210024D0
:101B2800184F194EC3F838E01D64DFF874E0174DFC
:101B38001A615A619A61C3E90801C3E90A01C3F845
:101B480004C09F60DE609C831C63C3E91401C3F872
:101B58003CE05D649D640E4BC3E901C7C3E908011D
:101B6800C3E90A011A615A619A610A4ADE609C83D4
:101B78001C631A605D63F0BDB00100209CB00008D2
:101B880000002041C4040020C80400200000C8420E
:101B98007801002088B000080802002000004040BA
:101BA80000003E43F7B50446FFF78AF984ED000AC2
:101BB80008F08BFA0A220023FEF7FEFF1E4D0E46A0
:101BC800D5E9001307467A1A66EB0303B2F5FA6FF4
:101BD80073F1000323DBD4ED007A9FED186A1848EF
:101BE800FDEEE76A6323B8EEE67A16EE901A77EE12
:101BF800C77A9FED147AF0EEE77AB0EEC77A67EE0F
:101C0800867A27EE067AFDEEE77ABDEEC77A17EEFA
:101C1800902A8DED007A07F076FAC5E9007694ED02
:101C2800007ADFED097AB4EEE77AF1EE10FA94BFA4
:101C38000120002003B0F0BD400200200000C8428F
:101C480030B90008005C0F3FB81EC742F0B52DED53
:101C5800028B85B00446B0EE408A00F07BFB07EEAD
:101C6800900A94ED027AF8EEE77A77EEC77AF0EE0A
:101C7800E77AC4ED037A08F028FA00230A22FEF76F
:101C88009BFF07460D46D4E9080150EA010304BF4B
:101C980038462946381A65EB0101FEF74FFFDFED9C
:101CA8003E7A06EE900A86EEA77AC4E90875D4ED66
:101CB800047ADFED3A6AE7EE087A94ED037AC4ED28
:101CC800047A27EE267ADFED366A84ED067AF4EE9A
:101CD800E67AF1EE10FA04D5012005B0BDEC028BCE
:101CE800F0BD37EEC76AB0EEC66AC6EE276AD4E919
:101CF8000A2340F6B831BA1A65EB03038A4273F136
:101D080000039FED286A66EE866AC4ED056AE3DB88
:101D1800D4E90C23BE1A65EB0303B6F5FA6F73F129
:101D280000032CDBFDEEC75AFDEEE66AB8EEE55A75
:101D380015EE902A37EE457ABDEEE75AB0EEC77A2F
:101D4800F8EEC54A27EE067A77EEE47AF0EEE77AFF
:101D580067EE867A1448CDED026AFDEEE77A8DEDDE
:101D6800005ACDED017AFDEEC77A17EE903AFDEEF6
:101D7800C87A17EE901A07F0C6F9C4E90C7594ED05
:101D8800057AF1EE047AB4EEE77AF1EE10FA4CBF78
:101D980001200020A1E700BF00BA5B4A3EC32E38ED
:101DA80017B7D1380000C84268B90008F8B504462A
:101DB80008F08BF90A220023FEF7FEFE0D46D4E94F
:101DC80014120646711A03464EF6602065EB0202AD
:101DD800814272F1000212DBD4ED107A94ED0E7A92
:101DE80037EE277AD4ED0F7AB4EEE77AF1EE10FAEF
:101DF800C4E91465D8BFF0EE477AC4ED107A254FD0
:101E0800D4ED117A94ED107ADFED236AD7E9001248
:101E1800E7EE667A5B1A65EB0202B3F57A7F72F138
:101E28000002C4ED117A24DBFDEEE76A1B48B8EE28
:101E3800E66A16EE902A77EEC67A9FED196AF0EEFA
:101E4800E77A67EE867AFDEEE77A17EE903AFDEECE
:101E5800C77A17EE901A07F056F9D4ED107A1148A0
:101E6800FDEEE77A314617EE902A07F04CF9C7E9FC
:101E78000065D4ED117AF5EEC07AF1EE10FA06D8C5
:101E88000123637700F05AFA074807F03CF994ED0C
:101E9800100AF8BD48020020DC693A36B8B90008D3
:101EA8000000C842E5B9000800BA000810B52DEDD9
:101EB800028B037F0446B0EE408A93B900F04AFAD9
:101EC80007EE900A6368F8EEE77AC3ED027A08F045
:101ED800FCF800230A22FEF76FFEC4E9080101237B
:101EE8002377DFED157AB4EEE78AF1EE10FA1FD406
:101EF8009FED127AC8EE077A9FED117AC4ED047A45
:101F080067EE877AC4ED057A00F01EFA94ED057A3B
:101F1800DFED0C6AC6EE877AFCEEE77AC4ED0C7A40
:101F2800BDEC028B17EE900ABDE81040FEF7FCBF2F
:101F3800BDEC028B10BD00BF6F12833A00006145F3
:101F48000000FA460024744970B504464068FFF75B
:101F58007DFE38BB08F0B9F80A220023FEF72CFEF4
:101F68000D46D4E90A130646721A65EB0303B2F567
:101F7800FA6F73F1000304DB104807F0C4F8C4E9F2
:101F88000A65E068002106F008FFA068FFF70AFE6E
:101F980068B90B4807F0B7F8E0680121BDE8704060
:101FA80006F0FBBEE068002106F011FFEDE7E068EF
:101FB8000121BDE8704006F00ABF00BF17BA00084B
:101FC8003EBA000810B570B91248134A134940F2D6
:101FD800EF3307F0AEF8124807F0ABF80E4840F2BE
:101FE800EF3107F09DF883680E4CA34206D20E4CE1
:101FF800A34203D3BDE810401B691847064A0B49A2
:10200800044840F2EF3307F094F80949094807F00B
:1020180090F8E3E7E7B4000872BA0008D9B40008FA
:1020280004B50008B4AD00087CAD0008A5BA0008E6
:10203800F0BB000857B6000810B570B91348144A29
:10204800144940F2B13307F074F8134807F071F8F7
:102058000F4840F2B13107F063F883680F4A9342A2
:1020680007D20F4A934204D3BDE81040DB684C21E5
:102078001847074A0B49054840F2B13307F059F8A9
:1020880009490A4807F055F8E2E700BFE7B4000835
:1020980072BA0008D9B4000804B50008B4AD000845
:1020A8007CAD0008A5BA0008F0BB000857B60008C8
:1020B80010B503460A46006819790469012303FA32
:1020C80001F143681B6819420ED12249224A23486C
:1020D80040F29A6307F02DF8214807F02AF840F2F9
:1020E8009A611D4807F01CF823681E4C194218BF56
:1020F80082F00102BAB18368A34206D21A4A934217
:1021080003D3DB68BDE810401847134A1749134842
:102118004FF4B06307F00DF81549164807F009F8B1
:102128004FF4B061DDE78368A34204D20E4A9342BC
:1021380001D31B69E6E7084A0C49084840F2AA534C
:1021480006F0F7FF0A490B4806F0F3FF40F2AA51E0
:10215800C7E700BF28BC0008F7BB0008E7B40008C1
:1021680066BC00084CAD000828AD000878BC000823
:10217800B7BD000857B600080148FFF799BF00BF70
:10218800E0B000080148FFF793BF00BFE8B00008BF
:102198002DE9F041034600681979DB8870B93448A5
:1021A800344A35494FF47A7306F0C3FF334806F0D2
:1021B800C0FF4FF47A712F4806F0B2FF8668304AA4
:1021C800964215D22F4A964212D303F03002302A93
:1021D8004468076918D12C49264A25484FF47D736D
:1021E80006F0A7FF294806F0A4FF4FF47D71E2E747
:1021F800204A27491E484FF47A7306F09AFF25496A
:10220800254806F096FFD4E703F00602042A09D110
:102218002249184A164840F2FB3306F08AFF40F27A
:10222800FB31C8E724680125DA0705FA01F554BF30
:1022380043F4B01383F4D013254223F480120CD155
:1022480017490C4A0A4840F20E4306F072FF154837
:1022580006F06FFF40F20E41ADE73C68DB074CBF6C
:102268002C43AC433C603368BDE8F041184700BFDD
:10227800E7B40008F7BB0008BCBD000804B50008B7
:102288004CAD000828AD0008CBBD000804BE00080E
:1022980078BC0008B7BD000857B6000841BE000862
:1022A80028BC000866BC000808B5174807F07AFE85
:1022B80020B91648BDE8084006F025BF144807F0C5
:1022C80071FE08B91348F5E7134B186807F06AFE62
:1022D80008B91248EEE7124807F064FE08B9114839
:1022E800E8E71148FFF754FF1048FFF751FF10487F
:1022F800FFF74EFF0F48FFF74BFF0C480021FFF791
:10230800D7FE0D48D6E700BFA4A9000874BE000890
:1023180084AA000883BE0008080000208EBE0008BA
:10232800BCAA000899BE0008E0B00008D8B00008B0
:10233800D0B00008E8B00008A5BE00080148002198
:10234800FFF7B6BED0B0000801480121FFF7B0BEC4
:10235800D0B0000873B51A48FFF76EFE1848194E3A
:102368006A462F21FFF72EFE009C4FF416635C434C
:102378004FF4B47394FBF3F43368BFF35B8F13F03B
:10238800010F114D07D1304607F0A3FE18B13046B2
:102398002C6007F0AAFE2868201A10F5966F08DA54
:1023A80000F51660094B2C601A681044186002B0DA
:1023B80070BDB0F5966FC8BFA0F51660F2E700BF14
:1023C800BCAA0008E0040020E4040020DC0400208B
:1023D800B2F5802F2DE9F8430ED33E493E4A3F48D7
:1023E80040F2E12306F0A5FE3D4806F0A2FE40F2C9
:1023F800E121394806F094FE042A0CD83949364AB6
:1024080036484FF43A7306F094FE374806F091FECA
:102418004FF43A71EDE7043ACD1D114425F0070554
:1024280021F00706A6EB0508B8F1170F4FEAD80701
:102438000CD82E49284A294840F2F12306F079FEA3
:10244800294806F076FE40F2F121D2E7B7FA87F480
:10245800C4F12002C4F12404A4000734E408631C76
:102468004FF00009BB420560AF60C5F80C900CD96D
:102478001F49194A194840F2073306F05AFE1A480C
:1024880006F057FE40F20731B3E74946920005F1DE
:10249800100007F03DFEA2B2530043F001036B8029
:1024A8003B1B9BB205EBC4015800A5F8009048807F
:1024B80025F83420A6F8029025F8083005EBC70364
:1024C80021465A8842F001025A802846BDE8F8435E
:1024D80006F03FBD83C0000828C00008E7B4000824
:1024E80099C00008B0C00008D1C00008EAC00008C0
:1024F80013C1000808B5054806F005FE044807F0B2
:1025080043FD044806F0FFFD002008BD3EC1000859
:1025180040420F007AC10008014B1B68184700BFF2
:102528000C000020014B1860704700BF0C00002011
:1025380030B5044685B00D4610220021684607F0E4
:10254800E7FD02238DF802302A46044B0193214609
:10255800684604F09FFF05B030BD00BF2125000884
:10256800034A536823F0020353600020704700BFFA
:10257800002004E038B54568194C204607F012FDE4
:1025880050B3A368174A934207D2174A934204D319
:102598001B6883B96FF057001DE0144A14491548A9
:1025A800B02306F0C6FD1449144806F0C2FD0F48D2
:1025B800B02106F0B5FD29462046984700280ADBD9
:1025C80000F066F80E4B5A6842F400725A605A6876
:1025D8009205FCD5002038BD6FF01200FBE700BF64
:1025E800A8A80008D0AD0008B4AD0008CBC1000809
:1025F80005C20008E7B4000881C3000857B6000800
:102608000070004008B541681048114A8368934239
:1026180001F10C0107D20F4A934204D31B6883B916
:102628006FF057000EE00C4A0C490D48B02306F035
:1026380080FD0C490C4806F07CFD0748B02106F0E7
:102648006FFD984700EAE07008BD00BFA8A8000821
:10265800D0AD0008B4AD0008CBC1000805C2000821
:10266800E7B4000881C3000857B60008072810B56A
:1026780002D90024204610BD044B53F820402046C0
:1026880007F090FC0028F5D1F3E700BF98B10008E7
:1026980010B5EFF31184102383F31288BFF36F8F03
:1026A8001C4804F06DFB68B91B4A1C491C48882368
:1026B80006F03FFD17491B4806F03BFD88211648E8
:1026C80006F02EFD134804F07FFB174B1A683AB941
:1026D800164A116841F4807111601168C905FCD56A
:1026E8001A680C4801321A6004F058FB68B90A4AA3
:1026F8000F490B484FF49B7306F01BFD05490D4825
:1027080006F017FD4FF49B71D9E784F31188BFF3E6
:102718006F8F10BD6C0500200FC400083CC4000872
:10272800E7B4000851C400086805002000700040A4
:1027380067C400087EC40008084B1A6842F4807217
:102748001A601A6842F400721A601A6842F48062C9
:102758001A60034B034A1A60704700BF003C0240EE
:10276800580000200024F400014B0360002070474B
:10277800B8B1000880B505460E461746984604F0DD
:1027880023FA034600F006FDDFF85090044649F8A6
:102798000030424639463046A8470B4B1B7873B980
:1027A8000A490B4A0B4840F2463306F0C2FC0A4875
:1027B80006F0BFFC064840F2463106F0B1FC54F87A
:1027C800090000F065FC00BF6B070020BEC40008CC
:1027D80093C40008E7B40008D1C40008080000004A
:1027E80008B50348034A0021121A06F045FD08BD42
:1027F800B8000020700700200748084A084908B5B3
:10280800121A06F03BFD0748074A0849BDE8084088
:10281800121A06F033BD00BF00000020B8000020E7
:10282800C8DC00080000002000000020C8DC000808
:10283800F0B5074687B00C4600292ED0D1E9012310
:102848001D48096806F05FFCD4E90423E1681B48C9
:1028580006F059FCE1691A4806F055FC26460025A1
:10286800F36A0493EB1C0393B36A0293AB1C0193C2
:10287800736A0093326A13486B1C2946043506F0C4
:1028880042FC102D06F11006EAD1216E0E4806F022
:102898003AFCA1690D4806F036FC012F05D1EFF38B
:1028A80005810B48103906F02EFC2146384607B042
:1028B800BDE8F04002F006BCF3C4000823C50008D8
:1028C80053C5000863C50008A7C50008B7C50008B8
:1028D800E6C5000830BFFFF7FDBF00BF2DE9F04196
:1028E8000B4EDFF8348006EB0807CC1B0546324652
:1028F8000849204607F0FEFBA01942460021083C83
:1029080007F006FC2C6707F10800BDE8F08100BF5E
:1029180000000000E8AD0008080000002DE9F843B9
:102928003B4D80463B481746894606F0ECFBAB6AB0
:10293800DA0622D5384806F0E6FB1124AB6A1B07F5
:1029480003D5364806F0DFFB1224314DAB6A9E07EB
:1029580015D5334806F0D7FB6E6BAB6A1C0642D51B
:102968003048314606F0CFFBB9F1000F03D0AB6A0F
:1029780023F08003AB62132403E01024DEE76FF03A
:102988001506234DAB6AD80703D5274806F0BBFBCD
:102998001424AB6A990603D5244806F0B4FB152421
:1029A8001B4DAB6ADA0602D4AB6A9B070AD56B6883
:1029B800180507D54146304600F0EEFAB0B180F36D
:1029C80009880224124B9A6A920642BF5A6A22F474
:1029D80000525A629A6A42F0FF029A6200233B70E0
:1029E8002046BDE8F8836FF01506C4E7AB6AD90640
:1029F800E8D50F490F4A104840F2271306F099FB13
:102A08000E4806F096FB0B4840F2271106F088FBAB
:102A180000ED00E0FAC5000811C6000845C6000828
:102A280059C6000872C6000889C60008A9C6000869
:102A38000BC70008D9C60008E7B4000855C7000846
:102A480010B51D4C1D4806F05EFBA36A990130D5F0
:102A58001B4806F058FB1E20A36ADA0103D5194863
:102A680006F051FB1F20144CA36A1B0303D516481C
:102A780006F049FB2120A36A590303D5134806F041
:102A880042FB22200C4CA36A9A0303D5104806F097
:102A98003AFB2320A36ADB0303D50E4806F033FB79
:102AA8002420054A936A6FEA03436FEA134393624B
:102AB80010BD1D20D0E700BF00ED00E078C700087A
:102AC80091C70008A5C70008C0C70008DFC70008ED
:102AD80005C8000820C8000870B5244C06462448DC
:102AE8000D4606F010FBA36AD90435D5214806F037
:102AF8000AFB1720A36A1A0503D51F4806F003FB33
:102B080018201A4CA36A9B050FD51C4806F0FBFA3F
:102B1800A16BA36A180407D5194806F0F4FA1EB188
:102B2800A36A23F40043A3621920104CA36A590531
:102B380003D5144806F0E7FA1A20A36ADA050DD57A
:102B4800114806F0E0FA1B20084A936A43F47F43D1
:102B5800936200232B7070BD1620CBE7A36A9B04F9
:102B6800F2D50A4806F0CFFA1C20EDE700ED00E0A8
:102B78004CC8000863C8000845C6000875C80008A6
:102B88008FC80008A5C80008C1C80008A9C6000861
:102B980070B56E4B054658689CB0C0F30803002614
:102BA80086F31188BFF36F8F02F07F44B4F17F4F33
:102BB80006D102F00C04082C11D1654806F0A3FADE
:102BC8006449654A654840F21B4306F0B2FA644816
:102BD80006F0AFFA40F21B415F4806F0A1FA14076D
:102BE8004CBF0D460126002DEAD00024DA1E8DF8D0
:102BF8000740092A00F29A80DFE802F0058E9271F8
:102C0800989898989896574806F07DFA8DF8074056
:102C18004E4CE36A9A0704D5534806F074FA002428
:102C28002AE0E36A002B01DA5048F6E7E36A5B0022
:102C380065D54F4806F067FA6369AA6943F480735B
:102C48006361BFF34F8FBFF36F8F32F8023C626945
:102C580022F480726261BFF34F8FBFF36F8F03F46A
:102C68007F42B2F55F4F20D1DBB2022B1DD129681C
:102C7800404806F048FA2C689DF807309BB968224E
:102C8800294602A807F036FA099B002E5AD0C3F34A
:102C9800080222B96FEA53236FEA4323099302A972
:102CA8002046FFF7C5FD1CB070BD284B9A6AD2B20A
:102CB8003AB10DF1070201212846FFF72FFE04461D
:102CC800DAE79A6A12F47F4F05D00DF10701012067
:102CD800FFF702FFF3E79B6AB3F5803F02D3FFF7E4
:102CE800AFFEECE724491C4A1C4840F2ED2306F0ED
:102CF80020FA224806F01DFA40F2ED216CE71E4941
:102D0800154A16484FF43C7306F013FA1C4806F0AF
:102D180010FA4FF43C715FE70DF107020021CBE791
:102D28000DF107010020D3E7164876E7A3F110025A
:102D3800154B164910F4F87F08BF1946144806F0D9
:102D4800E2F96CE76FF30803A8E700BF00ED00E0C5
:102D580008C9000834C90008D9C60008E7B4000843
:102D680047C9000885C900089DC90008BFC90008EF
:102D7800CEC90008EEC90008CDD300080BCA000868
:102D88002FCA00085FCA0008DAC80008EFC80008A0
:102D980084CA0008044B5A6942F010025A615A6901
:102DA80022F008025A61704700ED00E0EFF3088056
:102DB800EFF3098101B57246FFF7EAFE01BD00BFD6
:102DC8000A4880F30888102080F3118808484FF4D7
:102DD8000861401880F30988EFF314800221084342
:102DE80080F31488BFF36F8F00F066F8801A002014
:102DF800000C00201EF0040F0CBFEFF30880EFF367
:102E08000980816911F8021C0229FFD001B57246B8
:102E180006F036FA01BD00BF40B2002807DB044ABD
:102E28004109012300F01F00834042F82130704718
:102E380000E100E038B54B1C0F2B04460D460FD9B6
:102E4800114A124912486B2306F073F911482946B2
:102E58000F23224606F06DF90B486B2106F060F946
:102E680040B20028ACBF00F160400B4A4FEA0313A0
:102E7800B8BF00F00F00DBB2AABF00F561401354E1
:102E880080F8003338BD00BF98CA0008CFCA0008D0
:102E9800E7B40008EACA000814ED00E0044B054A4C
:102EA80023F07F039360BFF34F8FBFF36F8F70479B
:102EB8000000000800ED00E008B5FFF7EFFF104B39
:102EC800D3F8882022F47002C3F88820D3F8882029
:102ED80042F4A002C3F888204FF04042C3F83422DD
:102EE800BFF34F8FBFF36F8F0023E1EE103AFFF768
:102EF80077FCFFF781FC00F02FF902F0EFF900BF33
:102F080000ED00E04FF47D41C0F8BC1042F8203CD1
:102F1800009B42F81C3C0A49019B42F8183C029B62
:102F280042F8143C21F001014FF0807342F8043C50
:102F380042F8081C0023203A02654367704700BF27
:102F48007D270008838913F0020F124B03D190F8F4
:102F5800BD20D20611D45A6B42F080425A63D0F891
:102F6800BC3019075CBF43F00803C0F8BC30838944
:102F780043F002038381802070475A6B22F080421D
:102F88005A63D0F8BC301A0744BF23F00803C0F8CE
:102F9800BC30F0E700EF00E0094A0346906870B1E2
:102FA80013F1160F006E05D0A0F18002934205D3ED
:102FB800834203D2814228BF002070470020704717
:102FC80028070020104B9B6883421AD1EFF3058035
:102FD800B8B9EFF31181102282F31288BFF36F8F13
:102FE8009A8922F002029A81EFF3148323F00403F2
:102FF80083F31488BFF36F8F81F31188BFF36F8F4A
:1030080070476FF0150070472807002008B515466F
:103018000E460022E1EE102AEFF3148222F0040299
:1030280082F31488BFF36F8FBFF36F8F0B4A0C4B7B
:103038009060026F1A6000F0BFF82C4686F309888A
:103048000020044B98472046002100220023024C10
:1030580020470000AB9200087D27000828070020C1
:1030680070050020014B10221A61704700ED00E046
:10307800054B9A699B689A421FBF044A536843F0FC
:1030880080535360704700BF2807002000ED00E020
:10309800084B9B6883420BD1EFF3058343B1064B82
:1030A8005A6842F080525A605A6A22F400425A62C0
:1030B80002F00EBE2807002000ED00E023498A68D0
:1030C80082F8BDE04FF030001044EFF3098C80E83F
:1030D800F01F1EF0100F03D102F17C0080EC108A63
:1030E800102080F31288BFF36F8F194F4FF00066DE
:1030F8008A698A603E60106F164C206092F9BDE0C4
:10310800506F0023536780F311881EF0100F03D00F
:103118000023E1EE103A03E002F17C0090EC108A03
:10312800EFF3148323F0040383F31488BFF36F8F42
:1031380004B5104600F040F8BDE8044002F1300044
:1031480090E8F01F8CF309887047000028070020DA
:1031580004ED00E070050020044800231021C21887
:1031680001334A2B82F80013F9D1704700E100E0DF
:1031780008B5EFF30583064A103B02EBC30152F88A
:10318800330049688847BDE80840FFF771BF00BFB2
:10319800D8AA0008014800687047000070050020A0
:1031A800024B034A0348012100F07CB800000220CA
:1031B80000000020B8B1000810B50446FFF7C2FEB1
:1031C800226E03460548D21AC0E90023044B8360E7
:1031D800BDE81040012100F08BB800BF7405002045
:1031E80000000B15084AC2F898000B6823F01F036B
:1031F800034343F01003C2F89C308B6843F001038B
:10320800C2F8A030704700BF00ED00E02DE9F043A0
:10321800DFF8608085B00E461F4604464FF000096F
:10322800B14523DA6068D8B13FB1411E08421BD1CD
:103238007F2819D92368194216D12368019306F00B
:1032480044F8A36803430393D8F89050C5F30725BF
:10325800D0B2013DA84207D801A9FFF7C3FF421C1D
:1032680009F101090C34DBE76FF01502104605B0CF
:10327800BDE8F08300ED00E0044B0522C3F894207C
:10328800BFF34F8FBFF36F8F704700BF00ED00E0B3
:10329800BFF35F8F024B0022C3F89420704700BF32
:1032A80000ED00E038B50D4D01232A780C46FFF7F4
:1032B800ADFF287016300FD1094A0A490A4840F272
:1032C800891305F036FF0948214605F032FF044806
:1032D80040F2891105F024FF38BD00BF6A070020BD
:1032E8002ACB0008CDD30008E7B4000859CB000862
:1032F80010B5144A002312780C46FFF787FF10F127
:10330800160F08D0104A0021D2F89030C3F30723D3
:10331800984210DB10BD0D4A0D490E484FF4D47386
:1033280005F007FF0C48214605F003FF07484FF456
:10333800D47105F0F5FEC2F89800C2F8A01001306B
:10334800E2E700BF6A07002000ED00E02ACB000892
:10335800CDD30008E7B4000885CB00082DE9F04F6D
:103368007F4E804DD6F890302C68C3F307239C42DB
:1033780085B013D97C4A7D497D4840F2022305F087
:10338800D8FED6F890207B482146C2F3072205F0E4
:10339800D0FE40F20221744805F0C2FEFFF778FF24
:1033A80000200C2684422DD1734EDFF8B49134707E
:1033B8006846FFF7D9F9714C714D80460027B8452A
:1033C80027D1337866490020D1F89020C2F307222C
:1033D8009342C0F2BA80FFF74FFFD1F8903003F460
:1033E8007F43B3F5006F00F0B68066495E4A6048D7
:1033F80040F27D2305F09DFE634805F09AFE40F2F9
:103408007D21C8E7696806FB0011FFF7EBFE013074
:10341800C8E7009A02EB07133901D3F80CA00AEAAF
:103428000400B0F5000F69D00AD8B0F5001F3DD0F0
:10343800B0F5800F55D0B0F5801F15D00137BEE725
:10344800B0F1007F65D0B0F1805F6DD0B0F1807FC2
:10345800F4D19868D3F804A0525805F036FFCDE9A6
:1034680001A240F088700BE09868D3F804A0525885
:1034780005F02BFFCDE901A240F0885040F4302040
:103488000390D9F890303078C3F30723013B984272
:1034980054D93649344A364840F2352305F049FEB6
:1034A8003A4805F046FE40F2352174E79868D3F8AB
:1034B80004B0525805F009FF40F0885040F400204D
:1034C8001AF0010FCDE901B20390DAD03049264A4B
:1034D8002748842305F02DFE2E4805F02AFE842176
:1034E80059E79868D3F804A0525805F0EEFE40F06A
:1034F800C060CDE901A240F40030C1E79868D3F874
:1035080004A0525805F0E1FECDE901A240F0827016
:10351800B6E79868D3F804A0525805F0D6FECDE96E
:1035280001A240F48020ABE79868D3F804A0525871
:1035380005F0CBFECDE901A22843A1E701A9FFF7D9
:1035480051FE33780133337078E7C1F89830C1F809
:10355800A000013338E7002005B0BDE8F08F00BFB8
:1035680000ED00E0C4B100082ACB0008CDD3000864
:10357800E7B40008B2CB00086A0700200000F0FF9B
:103588000000021165CC0008B5CC00083BCC00084F
:10359800E6CB00080CCC000808B5024B1B6898471E
:1035A800002008BD80050020034B044A186093786A
:1035B80043F002039370704780050020100000203C
:1035C80008B50649064821F00701C1F1005202F585
:1035D8000032FEF7FDFE002008BD00BF071B0020DB
:1035E8008405002008B509484FF0FF324FF0FF333B
:1035F80001F01EFF48B106490648074A7F2305F037
:1036080098FD05487F2105F08BFD08BD20000020AE
:103618001FCD0008E7B40008E5CC0008014801F018
:10362800CFBF00BF2000002010B50446FFF7DAFF27
:103638002146034805F0F9FCBDE81040FFF7EEBF4E
:103648008405002007B5124A92E80300CDE900017D
:103658001048114982688A4207D210498A4204D325
:10366800126882B96FF057000FE00D4A0D490E48F5
:10367800B02305F05EFD0D490D4805F05AFD0848D8
:10368800B02105F04DFD6946904703B05DF804FB95
:10369800E8AD0008A8A80008D0AD0008B4AD00083F
:1036A800CBC1000805C20008E7B4000881C30008C0
:1036B80057B600081F2809D8012303FA00F0044B65
:1036C8005B6998430CBF01200020704700207047B9
:1036D800003C014000F01F021F284FF0010303FACD
:1036E80002F39DBF024A002053616FF01500704736
:1036F800003C0140044B1844002301338B4200F87E
:10370800012BFADB704700BF6C0000202DE9F04167
:10371800104F054600264FF001086B78F4B2A3421B
:1037280001D8BDE8F0812B781C442046FFF7C2FF82
:1037380068B12046FFF7CEFF57F834303BB107EBAE
:10374800C40204F01F04516808FA04F098470136CF
:10375800E3E700BF9005002008B510B1431E0342FF
:103768000CD00E490E4A0F48602305F0E2FC0E48C3
:1037780005F0DFFC60210A4805F0D2FCB0FA80F0C1
:10378800C0F11F000F2807DD0849054A05486123D5
:1037980005F0CFFC6121EEE7C0B208BD8DCD000871
:1037A8004BCD0008E7B40008C2CD0008EBCD0008F7
:1037B80010B50446FFF7D0FF044B1856044B1A689F
:1037C80014431C60BDE81040FFF726BB6C000020C6
:1037D800003C0140024A136823EA00031360704763
:1037E800003C014008B5174B03291ED8DFE801F05B
:1037F800020B0E169A6822EA00029A60DA6822EA38
:103808000002DA6008BD9A680243F6E7DA68024304
:10381800DA609A6822EA00029A60F3E79A6802433B
:103828009A60DA681043D860ECE707490748084A05
:103838004FF4817305F07DFC05484FF4817105F064
:103848006FFC00BF003C0140CDD30008E7B400087E
:103858004BCD000838B50D461446FFF77DFF0A4BDF
:1038680053F83020AA4204D103EBC0014968A142B1
:1038780005D032B943F8305003EBC0035C60002038
:1038880038BD6FF00F00FBE79005002008B5FFF783
:1038980063FF044B002243F8302003EBC0035A6057
:1038A80008BD00BF9005002000F00302043292001A
:1038B8000F23934043EA9000C3B20233054A52F8FB
:1038C8002320030C02EA104093FAA3F3B3FA83F31C
:1038D800D84070470038014038B508883A4BC0F3E3
:1038E8000B0016281B680D4614463ED810B96FF019
:1038F800850039E001381528F9D801A252F820F0DE
:1039080065390008BF39000861390008BF39000867
:10391800BB3900089B390008AB390008F7380008A4
:10392800F7380008F7380008F7380008F7380008B3
:10393800F7380008F7380008F7380008F7380008A3
:10394800F7380008F7380008F7380008F738000893
:1039580065390008653900084FF4FA43236029687F
:10396800B1F5805F29D2002038BD44280ED82F2811
:10397800BDD900F57D61C1F30B0101228A401349CD
:103988000A42EBD14028B2D15B08E7E7A828E5D086
:10399800ADE700F0CFF84FF4C072C30853439B085B
:1039A800DCE700F0C7F84FF4C072C3085343DB08E4
:1039B800D4E7074BD2E70023D0E7C1F31331013135
:1039C800B3FBF1F32360CEE758000020110110008B
:1039D80000127A00162808D8054BC34013F0010FCF
:1039E8000CBF6FF08500002070476FF085007047AE
:1039F800EA00600070B54A4C4A4D00F0C3F8204612
:103A080005F058FD01F052FAAB68474AC3F30313B7
:103A1800D35C20FA03F613781C41A64202D2204652
:103A280001F08CFA2B6843F480232B602B6843F455
:103A380080332B603B4B1A689103FCD55A6F42F0D8
:103A480001025A675A6F9207FCD59A6802F00C0275
:103A5800082A17D11A68950707D41A6842F0010294
:103A68001A60304A13689807FCD52E4B9A6822F0E2
:103A780003029A609A6812F00C0FFBD19A6822F040
:103A8800F0029A60274D2B6823F080732B602B6817
:103A98009901FCD4254AD2F8043823F4403343F47E
:103AA8008033C2F80438D2F8043823F0706343F046
:103AB8000063C2F8043800F041F82B6843F08073C3
:103AC8002B60184B1A689201FCD59A6822F0F00214
:103AD8009A609A6822F0030242F002029A609A6899
:103AE80002F00C02082AFAD1A64202D3204601F0BD
:103AF80025FA0F4B0A4A1A600A4B9A6822F4E052D8
:103B080042F480529A609A6822F460429A60D3F82C
:103B18008C2022F08072C3F88C20002070BD00BF7A
:103B280000D8B805003802409FDC00080030024089
:103B3800580000200048704700127A000C4B0D49CD
:103B48005A6811400C4A0A435A605A680B4922F4D1
:103B5800403242F480325A605A6822F0E04242F41D
:103B680080325A605A681140054A0A435A607047C1
:103B7800003802400080BFFF086040000080BFF0AE
:103B880008604008064B1A6C42F0805282B01A64F2
:103B98001B6C03F080530193019B02B0704700BF78
:103BA8000038024001460D480D4A8368934210B51B
:103BB80006D20C4A934203D3BDE810405B6818470D
:103BC800094A0A490A48B82305F0B3FA09490A48D4
:103BD80005F0AFFA0448B82105F0A2FADCA90008FC
:103BE800E4AD0008D0AD00089AB4000815B5000887
:103BF800E7B4000852B6000857B6000808B50748E9
:103C080006F0D0F938B10648FFF7CEFC0448FEF7B5
:103C180089FC002008BD6FF01200FBE7DCA9000852
:103C2800BF94000838B5036961B92149214A22487F
:103C3800642305F07EFA214805F07BFA64211D48CB
:103C480005F06EFA486850B91D491A4A1A486523A2
:103C580005F06FFA1B4805F06CFA6521EFE79868E4
:103C680000B30024884219D108688CB9DC689860D0
:103C7800A14200D1D860002008602AB19A680A6081
:103C8800DA68996002B9D96000200FE02846E9E7B0
:103C98002060D868814208BFDC60ECE7056804460C
:103CA800002DF3D1002AE9D16FF0150038BD00BF0F
:103CB800B0CE000874CE0008E7B40008B9CE0008FA
:103CC800C8CE0008DACE00082DE9F843D0F80490F1
:103CD8000746D9F8080090460D461E4605F053FBE6
:103CE800B8F5001F044616D12846D9F80840FFF752
:103CF800DBFD84420CD1294605F045FB0446FFF75D
:103D080069FD2046FFF7C2FD00212046FFF76AFD46
:103D18000020BDE8F883B8F5800F20D0B6F1806F99
:103D280019D0B6F1C06F18D0B6F1007F1AD10226AB
:103D38000F493A462046FFF78DFDB0B9D9F808106B
:103D4800284605F025FB20463146FFF74BFD204667
:103D5800FFF72EFDDCE70126EAE70326E8E76FF028
:103D68008500D6E76FF01500D3E76FF00F00D0E7B6
:103D78007D3D000870B50B690E469968054609B186
:103D88000C6801B970BD8A682A4010D04B6863B9C5
:103D98000A490B4A0B48892305F0CBF90A4805F074
:103DA800C8F90748892105F0BBF9304698471CB186
:103DB800236821461C46E4E72346FAE7F1CE0008CB
:103DC80074CE0008E7B40008DACE0008F7B5044658
:103DD800436806692448DD6800220F460192596845
:103DE800224A8368934209D2214A934206D3DB6868
:103DF800A3B96FF00404204603B0F0BD1D4A1E4964
:103E08001E484FF4897305F094F91D491D4805F0C3
:103E180090F918484FF4897105F082F901AA98477A
:103E28000028E6DB376206F110074FF0FF324FF04B
:103E3800FF33384601F030FD2B6823F001032B6077
:103E4800204696F8521005F039FC019900F0ACF8BC
:103E580096F8513004461BB12B6843F001032B60E0
:103E6800384601F09DFCC6E7A8A80008D0AD0008B8
:103E7800B4AD0008CBC1000805C20008E7B40008CB
:103E880081C3000857B6000870B50446466805693E
:103E98004FF0FF320021284606F0A2F8336820468A
:103EA8009847002385F8503085F852300122114692
:103EB80005F1100006F094F8204600F033F8316957
:103EC800144B994220D013D8134B99421ED0134B50
:103ED800CB1A59425941890041F010012046FFF799
:103EE80075FF0028A2BF012385F85030002070BD5F
:103EF8000B4B99420CD003F5C31303F52063994289
:103F08000CBF0A210021E7E70621E5E70221E3E7E4
:103F18000821E1E740420F00A0860100801A060050
:103F280040E1330013B5446801AA6069002105F037
:103F380053FE002826DB019B00221979186805F03A
:103F48005EFE00281EDB1048104A836861689342B1
:103F580007D20F4A934204D31B6883B96FF0040059
:103F680010E00C4A0C490D48B02305F0E2F80C4962
:103F78000C4805F0DEF80748B02105F0D1F898475D
:103F88000028EBD102B010BDA8A80008D0AD0008E9
:103F9800B4AD0008CBC1000805C20008E7B40008AA
:103FA80081C3000857B6000810B502694368126A51
:103FB800DB68C2F34202012A04D0022A21D06FF042
:103FC800150010BD58681F4AB1FBF2F220F03F00FF
:103FD80010435860186A013220F03F0002431A6209
:103FE800194AB1FBF2F140F6FC72114208BF0421F4
:103FF800DA6922F44F4222F0FF020A43DA61002014
:10400800DFE758680F4AB1FBF2F220F03F00104397
:104018005860186A4FF49674624320F03F004FF4DA
:104028007A74B2FBF4F2013202431A62074A9142EF
:1040380089BF013248F20101B1FBF2F141F40041BC
:10404800D6E700BF40420F00400D03007F4F12002B
:104058002DE9F743DFF86C82864BD8F8087046687C
:10406800D0F81090346871699F420AD2824B9F42FF
:1040780007D33B689BB96FF05705284603B0BDE8E6
:10408800F0837E4A7E497F48B02305F052F87E4986
:104098007E4805F04EF87948B02105F041F84046D1
:1040A8009847051EE9DBB369012B40F2E08071698E
:1040B800BB690831002BDED00022404698470546F0
:1040C8000028DAD17169FB680831002BD3D06A4621
:1040D80040469847002823DB009BC9F80030D9E9FF
:1040E800010168B967486A4A6A4940F26B1305F0EA
:1040F80020F8694805F01DF8654840F26B11CCE7D7
:104108008368664A93420DD2654A93420AD3DB68B4
:10411800A3B9F06901AA002105F05EFD00280FDAB5
:104128000546AAE75A4A5F49564840F26B1305F01C
:1041380000F85D49554804F0FCFFDDE79847E8E7DB
:10414800019B00221979186805F059FD0028E7DB62
:104158007368A3620023E362236843F0800323604B
:10416800524B9C4245D0B4F1804F42D0A3F57C43DA
:104178009C423ED003F580639C423AD003F58063AD
:104188009C4236D003F578439C4232D003F57053F5
:104198009C4235D1236823F440732360434B9C42EF
:1041A8004DD1002323633369202B0AD1B36823F050
:1041B8004002202A01D0402B03D1236843F0040396
:1041C80023606368326923F0700313436360374BDD
:1041D8009C4245D1636CF26823F0FF031343636488
:1041E800636C43F400436364236843F00103236072
:1041F80043E72368B26823F0700313432360C9E7D9
:104208002B4B9C42C6D003F580639C42C2D0A3F5D9
:1042180098339C42BED003F580639C42BAD003F524
:1042280080639C42B6D0234B9C42BCD003F580638C
:104238009C42B8D03369B3B16FF085051DE71E4BBA
:104248009C42AED0B4F1804FADD01C4B9C42AAD05A
:104258001B4B9C42A7D003F580639C42E3D1A2E7A5
:10426800154B9C42B6D0F368002BBDD0E4E76FF045
:10427800150502E7D0AD0008B4AD0008CBC10008B1
:1042880005C20008E7B4000881C3000857B6000853
:1042980024CF000856CF000804B500087CAD0008FC
:1042A8006CAD000869CF0008ADD0000800000140DF
:1042B8000044014000100040000401400004004098
:1042C80000080040A8A800082DE9F0410C4604F1B8
:1042D800FF3C19464368BDF818701D68BCF1030F10
:1042E80015D8B5F1804F06D07A48854203D0B2F58B
:1042F800803F00F2EC807848042C50F82C6016BF00
:104308007648002450F82C40F80503D51CB96FF006
:10431800150006E0344632B92B6A23EA04032B62FF
:104328000020BDE8F0819B68002B7ED102F1FF38A8
:1043380007F00100402C4FEA400000F08D8000F2A9
:104348008280042C00F08A80102C00F08980012CD7
:1043580014BF06230023624F2A6A17F803E00227D6
:1043680007FA0EF300FA0EF022EA030303432B6266
:104378005C4B284653F82C309847C5F82C802B6A9C
:1043880034EA0303CCD0402E77D06DD8042E76D0F3
:10439800102E76D0012E14BF06230023524F534807
:1043A80017F803C010F803E005F11801732351F85A
:1043B8000C2003FA0EF322EA0303602202FA0EF23B
:1043C8001343402C41F80C3068D05ED8042C67D0D9
:1043D800102C67D0012C14BF06230023DFF810C16E
:1043E8006A681CF803C04FF4807303FA0CF322EADE
:1043F80003036B602B6A402E44EA03042C625ED0F0
:1044080054D8042E5DD0102E5DD0012E14BF062383
:104418000023FA5CC05C8C580823834023438B50EC
:104428006B6943F001036B617AE7102B01D1013905
:104438007CE723F04000202801D0402B47D14908D1
:104448004FEA520874E7B4F5807F0BD0B4F5806F5B
:1044580014BF062305237EE703237CE701237AE7BD
:10446800022378E7042376E7B6F5807F0BD0B6F50C
:10447800806F14BF0623052390E703238EE70123EB
:104488008CE73B468AE7042388E7B4F5807F0BD0A6
:10449800B4F5806F14BF062305239FE703239DE728
:1044A80001239BE7022399E7042397E7B6F5807F6A
:1044B8000BD0B6F5806F14BF06230523A9E70323A5
:1044C800A7E70123A5E70223A3E70423A1E76FF0E9
:1044D800850026E7000C0040ECB20008E0B20008B6
:1044E8008ADC0008D0B2000898DC000891DC0008DB
:1044F80083DC000830B50E29036911D11968114809
:104508000B130A25C1F30B0193FBF5F405FB1433D8
:1045180041434343146003EB11335360002030BD23
:104528000D290CD1B3F90430642093FBF0F100FBA2
:104538001133116042F2107113FB01F3EDE76FF0D4
:104548008500ECE7A086010070B50C2404FB02147A
:1045580014F8045C45F0020504F8045C70B91348CB
:10456800134A144940F2913304F0E3FD124804F071
:10457800E0FD0F4840F2913104F0D2FD84680F4D00
:10458800AC4207D20E4DAC4204D3A468A446BDE8A1
:1045980070406047064A0B49044840F2913304F0E2
:1045A800C8FD0949094804F0C4FDE2E7E7B400087A
:1045B800C4D0000856CF000804B5000864AD000850
:1045C8004CAD0008F4D000082AD2000857B60008FD
:1045D80030B50E29056943688BB00BD04C2909D03A
:1045E8001B491C481C4A272304F0A3FD1A4827210D
:1045F80004F096FD28228DF807200DF107021868AF
:10460800049201229B88059202AA0792052200249F
:10461800089207228DF818408DF82420022204A958
:10462800FFF792FFA04210DB9DF80A309DF80920A1
:104638001B0443EA02239DF8082013432B60BDF8AE
:104648000B30AB8020460BB030BD6FF00400FAE7AA
:1046580065D20008E7B400082ED2000837B54568CF
:10466800044601AA2868002105F0B6FA0028C0F21D
:104678008E80019B00221979186805F0C0FA00287D
:10468800C0F285804748484A8368934205F104018F
:1046980007D2464A934204D31B6883B96FF0570088
:1046A80075E0434A43494448B02304F042FD434976
:1046B800434804F03EFD3E48B02104F031FD9847E0
:1046C800002864DBE968EA69B1F1804F02D03D4B0C
:1046D80099425ED14FF0FF33B3FBF2F35343DB4310
:1046E800C3F1FF2303F57F03FE33CB62D5E9033221
:1046F8009A62EA686969936823F4804323F00703A0
:104708000B4393606368D9688A6922F0030242F018
:1047180001028A61D968587E8A6922F0F00242EA69
:1047280000128A61D9688A6922F00C028A61D96804
:10473800187E0A6A22F00A0343EA40030B626368A0
:10474800D9688A6922F4407242F480728A61D96811
:10475800587E8A6922F4704242EA00328A61D96836
:104768008A6922F440628A61D968187E0A6A22F04E
:10477800A00343EA40130B62EA68136A43F011038B
:104788001362EA68136843F001031360002003B062
:1047980030BD4FF6FF73B3FBF2F002FB1033C3F5E5
:1047A8007F43A1E7A8A80008D0AD0008B4AD000871
:1047B800CBC1000805C20008E7B4000881C300089F
:1047C80057B60008000C004037B5034604680D468C
:1047D800002959D04068196970B92E482E4A2F49C6
:1047E8004FF4897304F0A5FC2D4804F0A2FC2A4874
:1047F8004FF4897104F094FC83682A4A934207D2E3
:10480800294A934204D3DB6873B96FF057003DE03F
:10481800214A26491F484FF4897304F08AFC244929
:10482800244804F086FCE2E701AA984700282DDB1B
:10483800E368019923F400431920E360AA00AB0F51
:10484800A1FB0001FCF7B8F96422B0FBF2F102FB0E
:1048580011031B013233B3FBF2F303EB01130F2BEC
:1048680012D99BB2A360A3680F2B11D81249134A1F
:10487800084840F23D1304F05CFC114804F059FC70
:104888000E4840F23D11B5E76FF0150003B030BD9A
:104898000020FBE7E7B40008CBC1000856CF0008AA
:1048A80004B50008D0AD0008B4AD000805C2000882
:1048B80081C3000857B60008D7D20008A8D200085C
:1048C800F9D20008F8B50C46036941681E682379D7
:1048D800012B35D09A1E55425541AD026279022A04
:1048E8009CBF384F37F812C0A27988BF4FF4005CDC
:1048F800042A28D0003B18BF01231B03E279012AB0
:104908000A680CBF4FF440770027A642D1681DD132
:1049180021F4B05129430B43D360136923F4405366
:1049280043EA0C03136143681A68536923F440731C
:104938003B43536131684068BDE8F840FFF744BF26
:104948004FF4C065CAE74FF48053D7E701F4C0615C
:104958008D421FBFD16821F4C0612943D1604268EC
:1049680011680A6902F4405294451FBF0A6922F48B
:10497800405242EA0C020A6142681168CA6802F4AD
:10498800805293421FBFCA6822F480521343CB60FF
:1049980043681A68536903F440739F421FBF536901
:1049A80023F440733B43536121683368994206D02E
:1049B8004068FFF709FF08B923683360F8BD002095
:1049C800FCE700BF94B40008F7B544680546606882
:1049D800216960B94648474A4749B02304F0A9FB12
:1049E800464804F0A6FB4348B02104F099FB8368CD
:1049F800434A934207D2434A934204D31B686BB994
:104A08006FF057005EE03B4A3F493948B02304F055
:104A180090FB3E493E4804F08CFBE4E798470028A9
:104A280050DB606A01AA002105F0D6F8002849DBAE
:104A3800019B00221979186805F0E1F8002841DB8C
:104A48006E682B6934681F68E36823F40053E360D9
:104A5800B06805F0A7FA002844D0D6E9020168B981
:104A680023482C4A244940F26B1304F062FB234884
:104A780004F05FFB274840F26B11B6E78368264ACB
:104A8800934221D2254A93421ED3DB6843BB04F1EB
:104A98000C0353E8003F43F00C0304F10C0141E818
:104AA8000032002AF3D139462846FFF70BFFE0B958
:104AB800337E1BB1636943F008036361E36843F421
:104AC8000053E36003B0F0BD124A1549084840F2AC
:104AD8006B1304F02EFB13490D4804F02AFBC9E7B9
:104AE8009847D4E76FF01200ECE76FF01500E9E79C
:104AF800E7B40008CBC1000856CF000804B5000889
:104B0800D0AD0008B4AD000805C2000881C3000894
:104B180057B6000824CF00087CAD00086CAD00082B
:104B280069CF0008ADD00008F8B543681C68036970
:104B38001E680B79012B0D461AD0991E4A424A412C
:104B4800920295F805C0AF79BCF1020F96BF3249C1
:104B58004FF4005131F81C10042F00D083B1A3F199
:104B6800030EBEF1010F06D86FF085031846F8BD95
:104B78004FF4C062E5E70BB1042FF5D04FF4805332
:104B8800B1F5805F3ED0B1F5405F3DD000290CBF44
:104B9800012103218C45E7D1002B37D0002A0CBF17
:104BA800042303239F42DFD1EB79C3B1012BDBD16F
:104BB8001A4B9C4213D0A3F54C439C420FD003F5EB
:104BC80080639C420BD003F580639C4207D003F5B9
:104BD80080639C4203D003F544439C42C4D1E368FC
:104BE80023F40053E3602946FFF76CFE03460028D0
:104BF800BAD1E26842F40052E26095E8030086E820
:104C08000300B3E70021C5E70221C3E7002A0CBF70
:104C180003230223C6E700BF94B400080010014034
:104C28004FF0E0230D4A9969126818699B690029B9
:104C380008BF1146002B08BF134610F4803F0848F0
:104C480001D1994205D20168114401604FF0E02179
:104C5800096900681044C01A704700BF2407002083
:104C68001C070020094B102283F82320084B4FF41F
:104C780016521A60074B002018604FF0E02342F2EA
:104C88007F525A61072298611A61704700ED00E06F
:104C9800240700201C070020684620F007018D46E5
:104CA800F1B502F0A9FA0446FFF7BAFF124A134811
:104CB800D2E9005103685B19114D41F10001C2E9C5
:104CC8000031D5E900614FF41652002707609B1B9D
:104CD800B3FBF2F002FB00F39B1941F10001C5E9B7
:104CE8000031084B21461F6002F0E8F9FEF7C0F9D1
:104CF800BDE8F14085467047580200201C07002097
:104D080050020020200700202DE9F04180460C4683
:104D180005F0D1F970B93B493B4A3C484FF4A073C0
:104D280004F007FA3A4804F004FA37484FF4A0713F
:104D380004F0F6F9374E6CB1B8F1FF3F0AD14FF0E5
:104D4800E022136923F0010313614FF07F433360BE
:104D5800BDE8F081FFF764FF2F49304A35684FF00E
:104D6800E0239C69D1E90037C31847F10007002008
:104D7800B8F1FF3FC1E90037106025D02848D0E9D5
:104D88000020B3EB020C67EB0007002F37DB254B45
:104D98001B684FF4165E13EB08034FEAE87040F106
:104DA8000000A3FB0E320EFB0022B3EB0C0340F213
:104DB800014062EB0702834272F100001FDBB3F18E
:104DC800807F72F1000201DB6FF07F434FF0E02239
:104DD8003360013B9669536100239361124B4FF096
:104DE80000725A60B442D1E900023ABF63199B1BB2
:104DF800A31B1B1842F10002C1E90032A8E74FF4D7
:104E08008063E3E761D300082DD30008E7B4000806
:104E180077D3000824070020580200201C07002030
:104E2800500200202007002000ED00E010B505F03A
:104E380042F970B90E490F4A0F484FF4F27304F063
:104E480078F90E4804F075F90A484FF4F27104F045
:104E580067F90B4B1C680B4B1B68E41AFFF7E0FE65
:104E68004FF416532044B0FBF3F0074B186010BD05
:104E780061D300082DD30008E7B4000877D30008F1
:104E880058020020500200202007002038B502F008
:104E9800B3F9054B05461C68FFF7C2FE04442846D3
:104EA80002F0D4F9204638BD5802002008B5204940
:104EB8008B6803F00C03082B07D00C2B20D01D485F
:104EC8001D4A042B18BF104608BD4A684B6849683C
:104ED80013F4800314BF17481748C1F3881118BF8B
:104EE800002302F03F02A1FB0001FBF765FE104B17
:104EF8005B68C3F3014301335B00B0FBF3F0E3E706
:104F08004A684B68496813F4800314BF09480A4883
:104F1800C1F3881118BF002302F03F02A1FB000172
:104F2800FBF74AFE024B5B68C3F30273E5E700BF79
:104F38000038024000127A000024F400002800F033
:104F48008180424B1B6803F44043B3F5404F30D196
:104F580003F10F6303F58C53984207D83C4B9842F2
:104F680009D83C4B984208D9032300E00523012BBC
:104F780038BF012309E00423F9E7374B98421AD8D0
:104F8800364B98424FF00003F1D8304A126802F4C9
:104F98004042B2F5004F28D102F10F6202F5A34258
:104FA80090420AD9002B08BF0523012B38BF0123E3
:104FB8001BE00023E9E70223E7E7254A904203D9EB
:104FC800002B08BF0423F0E7224A904203D9002BA4
:104FD80008BF0323E9E7204A904203D9002BE4D114
:104FE800022302E01D4A9042DFD8184A126802F4F0
:104FF8004042B2F5804F13D1164A904206D9002B91
:1050080008BF0323012B38BF012309E0124A90424D
:1050180003D9002BF6D1022302E0104A9042F1D8BE
:105028000F490A6822F00F021A430A600A6802F060
:105038000F02934208D0086800F00F00C01A18BF8A
:105048000120704701207047002070470070004021
:10505800000E2707804A5D050087930380C3C901B6
:10506800003C024038B5436905463BB90024EA686C
:10507800537843F001035370604238BD98470446A3
:105088000028F3D000F1FF03FE2B0ED9094A0A4984
:105098000A48212304F04DF829680948224604F0FB
:1050A80048F80448212104F03BF8EB6844421C709E
:1050B800DDE700BF94D30008B7D30008E7B40008C1
:1050C800CFD3000870B50446EFF31186102383F39D
:1050D8001288BFF36F8F0E4B9D6804F076FF042C87
:1050E8000CD10C490C4A0D48872304F022F80C48CF
:1050F80004F01FF80848872104F012F886F3118895
:10510800BFF36F8F2846BDE87040FDF7C1BF00BFF1
:105118002807002016D40008F4D30008E7B40008D4
:1051280033D4000838B50A4B53F82040013053F8FF
:105138002050A54200D838BD606830B1037EDB0737
:1051480001D4FFF78FFF0834F3E723689847FAE79D
:10515800D0B3000870B53B4B3B4C3C4D86B00122A8
:1051680003201A70FFF7DEFFAC4214D10420FFF7CA
:10517800D9FF374C374DAC4226462ED93649374AE7
:105188003748462303F0D5FF364803F0D2FF4621BF
:10519800324803F0C5FF54F8043B002BE6D098478B
:1051A800E2E754F80C3C059354F8103C049354F887
:1051B800143C039354F8183C029354F81C3C019394
:1051C80054F8203C009354E90A2354E90C0100F0F8
:1051D8005DFC54F8303C5E65CDE7AE4204F1300426
:1051E800DFD301F02DFC1A4CAC421FD91A491B4AD7
:1051F8001B486A2303F09DFF1A4803F09AFF6A21AF
:10520800C6E7D4E90A23B3F1FF3F08BFB2F1FF3F75
:1052180005D052EA0301206803D100F0BBFC30340A
:10522800E2E71149183001F0E7FDF8E7E9D301F0AA
:1052380075FCFCF723FA0D4A938923F00103938147
:1052480006B070BD6B070020E4AD0008E8AD0008AB
:1052580028AD000828AD000889D4000868D40008E3
:10526800E7B40008B6D40008216500082003002030
:1052780070B5154E154D1649C02386B003FB006660
:1052880001220023CDE904230F22CDE90232019344
:10529800182303FB0055044601EB40210D4B0095F4
:1052A8004FF4C072304600F0F1FB337C0A4AEE60DE
:1052B80023F0040333744FF4086304FB03331344EB
:1052C8002C746B6006B070BD6002002028070020B7
:1052D80080140020F1530008000C00207FB5002046
:1052E800FFF720FF324B83F30888324C636943F49D
:1052F80000736361F02384F822300023E377237678
:105308006376A37684F82030636A43F4E02363620B
:10531800FDF740FDFDF7A6FE4FF0FF33A362E36201
:10532800FEF71CF8FDF73CFF234800F027FC234B51
:10533800234A93420ED92349234A2448CE2303F013
:10534800F8FE234803F0F5FE1F48CE2103F0E8FEDF
:105358001C33EEE7FCD3FDF7EFF90120FFF7E2FE7F
:105368000220FFF7DFFE01F063FB1A4B1A4C9C6129
:105378001A4B059300250123194900954FF48062C3
:10538800CDE90353CDE90155164B204600F07EFBCD
:10539800237C064623F004032046237400F0ACFE69
:1053A8002846FFF765FF0F4A31462046FDF72EFED7
:1053B8008014002000ED00E0E0030020A8A8000809
:1053C800D8AA0008D5D4000868D40008E7B40008B3
:1053D800B6D400082807002020030020EDD40008D8
:1053E800801600205D51000810B50D4B9B6893F99D
:1053F8000E30002B09DB1024EFF3118384F312889D
:10540800BFF36F8F03F054FFF6E706490648074AD3
:105418001C2303F08EFE05481C2103F081FE00BF0B
:105428002807002013D50008E7B40008F2D40008C4
:105438002DE9F341044617461E46EFF3058565B18D
:105448005449554A5548732303F073FE544803F0F2
:1054580070FE5148732103F063FEEFF311881023A7
:1054680083F31288BFF36F8F4E4801F089FC60B94F
:105478004D4A4E494948882303F05BFE49494C4848
:1054880003F057FE88214848E5E7464801F09CFCB0
:10549800484BE2689B6892B1A068984227D057EAC7
:1054A80006022CD13F4801F079FC90B188F31188AD
:1054B800BFF36F8F6FF00F0002B0BDE8F08193F972
:1054C8000E10384821610132C4E9023201F066FC4D
:1054D80078B9354A384931484FF49B7303F029FEAF
:1054E8003049364803F025FE4FF49B71CBE721691C
:1054F800E7E788F31188BFF36F8F0020DCE793F9A3
:105508000E1090F90E30994205DA9942A8BF194653
:1055180004F05EFD0546CDE9007622482246414664
:1055280001F04AF80028E8D0EFF31186102383F33E
:105538001288BFF36F8F1B4801F022FC002897D018
:10554800184801F041FCA068C0B1236821699C4259
:105558000AD04BB193F90E309942A8BF19466FF0A3
:105568007F039942B8BF194604F032FD30B10D48A7
:10557800314604F087FD6FF00A009DE7002DF6D153
:10558800084801F00BFC0028A3D086F31188BFF36C
:105598006F8FF0E75DD500083BD50008E7B4000839
:1055A8006FD500084C0700200FC400083CC4000851
:1055B80051C400082807002067C400087EC40008FA
:1055C800F8B50546EFF3058363B15549554A564882
:1055D800EA2303F0AEFD554803F0ABFDEA2151483C
:1055E80003F09EFD8368002B00F09480504A926877
:1055F800934240F09280C3684BB94E49494A4A48A1
:105608004FF4817303F095FD4FF48171E7E7012BA7
:1056180003D0013BC3600020F8BDEFF311871024CD
:1056280084F31288BFF36F8F434801F0A9FB60B978
:10563800424A43493C48882303F07BFD3E494148A0
:1056480003F077FD88213D48CAE73B4801F0BCFBE1
:105658002969A86804F0BCFCEFF3118384F312886D
:10566800BFF36F8F83F31188BFF36F8F5BB9364930
:10567800364A2D48FA2303F05CFD354803F059FDFE
:10568800FA213248ACE72C68A54215D10023C5E9B8
:105698000233294801F082FB002836D1274A2D49D8
:1056A80021484FF49B7303F044FD23492A4803F033
:1056B80040FD4FF49B71C6E7002CE7D0A3683BB9C7
:1056C8002649224A1848E32303F033FDE321D8E7AB
:1056D800D4E9003213605A60237C002623F00203C9
:1056E8002374C4E90066A66004F1180001F066FCA2
:1056F800AC6094F90E302B612046A66700F0FCFCE4
:105708000D48394604F0BEFC85E787F31188BFF3DE
:105718006F8F80E76FF015007EE74FF0FF307BE773
:105728005DD500083BD50008E7B400086FD5000830
:105738002807002094D500084C0700200FC4000853
:105748003CC4000851C40008D6D50008ABD50008F1
:10575800EED5000867C400087EC40008F1D500082B
:1057680008B583684BB90B490B480C4AE32303F08F
:10577800E0FC0A48E32103F0D3FCD0E900321360CF
:105788005A60027C0023C0E9003322F0020202744E
:10579800836008BDF1D50008E7B40008ABD5000860
:1057A80070B50446EFF31186102585F31288BFF310
:1057B8006F8F2F4801F0E4FA60B92E4A2E492F481E
:1057C800882303F0B6FC2A492D4803F0B2FC88214F
:1057D800284818E0264801F0F7FAEFF3118385F31B
:1057E8001288BFF36F8F83F31188BFF36F8F63B98C
:1057F8002449254A2148FA2303F09BFC234803F057
:1058080098FC2148FA2103F08BFC2568AC4212D0A1
:105818008DB12846FFF7A4FF05F1180001F0CEFB73
:1058280000232846AB6700F067FC31461048BDE806
:10583800704004F027BCD4E902329A4218BF013301
:105848000B48A36001F0AAFA68B90A4A10490B4844
:105858004FF49B7303F06DFC05490E4803F069FC97
:105868004FF49B71B4E786F31188BFF36F8F70BD57
:10587800500700200FC400083CC40008E7B4000823
:1058880051C40008D6D50008ABD50008EED50008ED
:1058980067C400087EC40008F7B5044616461D46CE
:1058A800EFF305837BB152EA05030CD02D492E4A4C
:1058B8002E48882303F03DFC2D4803F03AFC2A4883
:1058C800882103F02DFCEFF31187102383F312884E
:1058D800BFF36F8F274801F053FA60B9264A27496A
:1058E8002248882303F025FC2249254803F021FC9F
:1058F80088212148E5E71F4801F066FAA368D3B17B
:10590800013B1C48A36001F049FA68B91A4A1D49CD
:1059180016484FF49B7303F00CFC16491A4803F021
:1059280008FC4FF49B71E4E787F31188BFF36F8F8E
:10593800002003B0F0BD56EA05030BD10D4801F075
:105948002DFA0028E2D087F31188BFF36F8F6FF02C
:105958000F00EEE7CDE9006522463946054800F01C
:105968002BFEE6E728D6000808D60008E7B40008AA
:10597800EED50008500700200FC400083CC40008FA
:1059880051C4000867C400087EC400082DE9F0412E
:105998000546EFF31188102787F31288BFF36F8F3E
:1059A800304801F0EDF9064660B92F4A2F493048D2
:1059B800882303F0BEFB2B492E4803F0BAFB88214D
:1059C800294819E0274801F0FFF90023EFF3118275
:1059D80087F31288BFF36F8F82F31188BFF36F8F3D
:1059E80062B92549254A2248FA2303F0A2FB244834
:1059F80003F09FFB2148FA2103F092FB2C68A54293
:105A08000FD074B12046FFF7ABFE04F1180001F087
:105A1800D5FA6FF00A03A367204600F06DFB334602
:105A2800D4E70022AA608BB90E4801F0B7F998B9FB
:105A38000D4A14490E484FF49B7303F07AFB094949
:105A4800114803F076FB4FF49B71B9E741460548CE
:105A5800BDE8F04104F016BB88F31188BFF36F8FDF
:105A6800BDE8F081500700200FC400083CC40008BE
:105A7800E7B4000851C40008D6D50008ABD5000823
:105A8800EED5000867C400087EC400082DE9F0437D
:105A980085B004460F9D0F2D0E461F464BD1314B46
:105AA8009F424CD1073222F00702FF321099A181A0
:105AB80004F1580322F07F024FF000084FF000096C
:105AC800C4E91633042100237F2AC4E90A89C4E9FA
:105AD8000633A3602174A573E37306F18009A2F16C
:105AE800800805D883F31188BFF36F8F084602DF5B
:105AF800B51829462046FCF7F1FE07300E9B20F02A
:105B08000700A066C4E9189802930D9B01932D1A0B
:105B18000C9B00932A463B4631462046FDF7F2F996
:105B280000236365104B9B6803B1DB6EE366284670
:105B380005B0BDE8F08305F110031E2BB2D90B4A5E
:105B48000B490C4840F24F2303F0F3FA0A48294660
:105B58006FF00F030E2203F0ECFA044840F24F21D5
:105B680003F0DEFAF15300082807002075D6000874
:105B780098D60008E7B4000818D700080123037472
:105B880083810023C0E91833C366014B98607047CE
:105B98002807002038B50446EFF31185102383F356
:105BA8001288BFF36F8F204801F0EAF868B91F4ADE
:105BB8001F492048882303F0BCFA1B491E4803F0FC
:105BC800B8FA8821194803F0ABFA174801F0FCF835
:105BD800237C5B0710D504F1180001F0EFF9237C52
:105BE80023F004032046237404F034FA29460E48AF
:105BF800BDE8384004F046BA0B4801F0CFF868B960
:105C08000A4A0E490B484FF49B7303F092FA06496F
:105C18000B4803F08EFA4FF49B71D3E785F3118894
:105C2800BFF36F8F38BD00BF540700200FC40008B2
:105C38003CC40008E7B4000851C4000867C4000861
:105C48007EC40008F0B587B0DDE912760446EFF3AC
:105C5800058575B119491A4A1A4840F21B3303F0F1
:105C680068FA194803F065FA154840F21B3103F049
:105C780057FA0595109D04950F9D03950E9D029565
:105C88000D9D01950C9D0095FFF700FFB6F1FF3FB4
:105C980008BFB7F1FF3F05D056EA070305D12046F4
:105CA800FFF778FF204607B0F0BD3A46334604F1C7
:105CB8001800064901F0A0F8F4E700BF5DD5000818
:105CC80075D60008E7B4000849D700082165000820
:105CD80070B504468689EFF31185102383F3128883
:105CE800BFF36F8F224801F04BF868B9214A224967
:105CF8002248882303F01DFA1D49214803F019FAA8
:105D080088211C4803F00CFA194801F05DF8237C3F
:105D18001A0716D5164801F041F868B9154A194905
:105D280016484FF49B7303F004FA1149164803F020
:105D380000FA4FF49B71E4E785F31188BFF36F8F86
:105D480070BD01222946204600F01CFAF307F7D55A
:105D58000E4A0F49094840F2EC5303F0EAF90D489E
:105D6800214603F0E6F9094840F2EC51CAE700BFC2
:105D7800540700200FC400083CC40008E7B400081A
:105D880051C4000867C400087EC4000875D600081E
:105D98006ED7000879D7000808B5EFF3058373B10B
:105DA80009490A4A0A4840F25C6303F0C2F9094803
:105DB80003F0BFF9054840F25C6103F0B1F9BDE8B2
:105DC800084000F033BB00BF5DD5000875D6000859
:105DD800E7B40008EED5000838B590F91020037C28
:105DE800002A01461BDA224A03F07F03904203741B
:105DF80009D12049204A21483D2303F09AF93D2141
:105E08001D4803F08DF9DC0707D51D491A4A1B48C0
:105E18003E2303F08EF93E21F2E704F0EDF8194D28
:105E28002A46AB6852F81C4F944200D004B9EC687B
:105E38008B4214D05BB91449144A1048EA2303F082
:105E480078F9134803F075F91048EA21D9E71A7C64
:105E5800D20604D1DA897F2A01D9A2692AB1A342DC
:105E680002D0204600F004FF2346AB6138BD00BFD6
:105E780060020020C1D7000897D70008E7B40008DF
:105E8800E2D700082807002027D80008FBD7000819
:105E9800EED5000870B590F91020037C002A49DB84
:105EA800D90647D163F07F030374264B984209D182
:105EB80025492648264A352303F03BF9244835214D
:105EC80003F02EF9234C2246216A52F81C3F9342D4
:105ED80007D1C0E90021086020620FE09942F8D09C
:105EE8001B68002BF5D093F90E6090F90E50AE4266
:105EF800F4DD5968C0E9003108605860E5699542E9
:105F080000D005B9E568A3685BB91349134A0F487F
:105F1800EA2303F00EF9124803F00BF90F48EA21BF
:105F2800CEE71A7CD20606D1DA897F2A03D9AA6974
:105F38000AB9A36170BDAB4202D0284600F098FEB2
:105F4800A561F7E760020020C1D70008E7B40008A0
:105F580097D700082807002027D80008FBD7000893
:105F6800EED5000808B583684BB9094909480A4ABB
:105F7800E32303F0DEF80848E32103F0D1F804F046
:105F88003BF8037C23F0020303740023836008BDFD
:105F9800F1D50008E7B40008ABD5000808B5124AE7
:105FA800936880B1197C11F0090F0CD10F49104A80
:105FB8001048E32303F0BDF80F4803F0BAF80C4883
:105FC800E32103F0ADF86FF00A0199670B495867B0
:105FD8004B6843F080534B60002383F31188BFF371
:105FE8006F8F9368986F08BD2807002078D800083D
:105FF8004ED80008E7B40008E1D8000800ED00E03A
:1060080070B504460D46F9B9EFF30586E6B91A4BA3
:106018009A699B689A4217D000F0C0FE78B9174A6F
:106028001749184840F2771303F083F821461648B9
:1060380003F07FF840F27711104803F071F830460A
:10604800BDE87040FFF7AABF204600F0A7FE68B978
:106058000A4A0B490B484FF49B7303F06AF8214630
:10606800094803F066F84FF49B71E5E785F311885A
:10607800BFF36F8F70BD00BF280700200FC4000852
:1060880067C40008E7B400087EC4000838B5184C97
:10609800A168206A0B68814214BF1A460022496829
:1060A8000B605960A368216A2AB9124AC3E9002122
:1060B8000B6023620AE092F90E5093F90E008542B4
:1060C80012DD5168C3E900210B605360E569094B93
:1060D8009D4200D005B9E568A3689D4202D02846D4
:1060E80000F0C6FDA56138BD8A42DED01268DBE744
:1060F800280700204407002038B50446EFF311852F
:10610800102383F31288BFF36F8F174800F038FE0F
:1061180068B9164A16491748882303F00AF812493D
:10612800154803F006F88821104802F0F9FF0E48D8
:1061380000F04AFE2046FFF7ADFE0B4800F02EFEA9
:1061480068B90A4A0D490B484FF49B7302F0F1FFF6
:1061580005490B4802F0EDFF4FF49B71E4E785F326
:106168001188BFF36F8F38BD540700200FC4000893
:106178003CC40008E7B4000851C4000867C400081C
:106188007EC400082DE9F84F171E027C0CBF4FF0A3
:1061980010094FF0080919EA020F04460E4688460E
:1061A80028D149EA0203D20946D10374B9F1080F8C
:1061B8005FD04FF0000ADFF8C4B15B4653F81C5FAC
:1061C8009D4200D00DB9DBF80C50DBF80830AB422B
:1061D80002D0284600F04CFDB9F1100FCBF818504A
:1061E80008D0204603F05BF8BAF1000F02D06248ED
:1061F800FFF7C4FC614B9B68A34240F0B080EFF30B
:106208000585002D40F0AB80A389DB0740F1838032
:106218005B4800F0C3FD002858D15A4A5A495B48E8
:106228004FF49B7302F085FF5549594802F081FFEE
:106238004FF49B7153480DE0564A03F07F03904298
:10624800037409D15449554A50483D2302F071FF5F
:106258003D21524802F064FFDA0707D550494F4AFA
:106268004A483E2302F065FF3E21F2E703F0C4FEF0
:106278009CE7A36813B12046FFF774FE04F11800E9
:1062880000F09CFEA56D04F1580AAA4511D04FF004
:10629800000B75B12846FFF765FE05F1180000F000
:1062A8008DFEC5F878B02846FFF7F4FDA56DAA4520
:1062B800EFD1324B9B689C427FF47BAFEFF3058AAA
:1062C800BAF1000A18BF4FF0010A74E786F3118883
:1062D800BFF36F8F85F31188BFF36F8F04231846C0
:1062E80002DFEFF31188102383F31288BFF36F8F57
:1062F800234800F045FD58B9224A2A4923488823F3
:1063080002F017FF1E49284802F013FF882191E781
:106318001B4800F059FD1A4800F040FD68B9194AB9
:1063280019491A4840F2771302F003FF1449184834
:1063380002F0FFFE40F277117CE74046FFF72EFEA1
:10634800BFB11A491A4A114840F2471302F0F1FE48
:10635800184802F0EEFE164840F247117AE708485E
:1063680000F01CFD00283FF458AF86F31188BFF3F6
:106378006F8FBDE8F88F00BFE003002028070020DA
:10638800540700200FC4000867C40008E7B40008D9
:106398007EC4000860020020C1D7000897D7000813
:1063A800E2D700083CC4000851C400082BD90008F3
:1063B80009D9000836D9000870B5164D2B4606468F
:1063C80053F81C4F9C4200D004B9EC68AB6863B921
:1063D8001149124A1248EA2302F0ABFE114802F0B2
:1063E800A8FE0E48EA2102F09BFE1A7CD20604D1D0
:1063F800DA897F2A01D9A2692AB1A34202D02046AC
:1064080000F036FC2346AB6131460748BDE87040D2
:10641800FFF7F6BD2807002027D80008FBD700089B
:10642800E7B40008EED500085407002070B5EFF374
:106438001186102383F31288BFF36F8F2D4800F065
:106448009FFC68B92C4A2D492D48882302F071FE1B
:1064580028492C4802F06DFE8821274802F060FE8A
:10646800294C244800F0B0FCA168206A0B688142DE
:1064780014BF1A46002249680B605960A368216A54
:106488002AB9224AC3E900210B6023620AE092F983
:106498000E5093F90E00854223DD5168C3E90021AF
:1064A8000B605360E569194B9D4200D005B9E5685A
:1064B800A3689D4202D0284600F0DAFB0D48A5618A
:1064C80000F06CFC88B90C4A11490D4840F277136A
:1064D80002F02FFE07490F4802F02BFE40F2771119
:1064E800BBE78A42CDD01268CAE73046BDE87040A3
:1064F800FFF754BD540700200FC400083CC400082F
:10650800E7B4000851C40008280700204407002009
:1065180067C400087EC4000838B50446EFF3118547
:10652800102383F31288BFF36F8F1C4800F028FCF8
:1065380068B91B4A1B491C48882302F0FAFD174911
:106548001A4802F0F6FD8821154802F0E9FD1348C3
:1065580000F03AFCD4E90423B3F1004F08BF012A44
:1065680011D00E4800F01AFC90B90D4A10490E4897
:106578004FF49B7302F0DDFD08490E4802F0D9FD87
:106588004FF49B71E0E7A4F1180003F067FDE8E71A
:1065980085F31188BFF36F8F38BD00BF5407002003
:1065A8000FC400083CC40008E7B4000851C4000840
:1065B80067C400087EC400082DE9F047DFF800A191
:1065C800344D354B1746A842DAF808201A60DDE941
:1065D800089804460E460BD130493148314A40F2FA
:1065E800E91302F0A6FD2F4840F2E91102F098FDE8
:1065F800EFF31183102383F31288BFF36F8F2846BC
:1066080000F0BEFB60B9284A28492548882302F0D3
:1066180090FD2946264802F08CFD88212248E5E7AE
:10662800284600F0D1FBDAF808503946284603F02E
:10663800EBFCB8F1FF3F08BFB9F1FF3F06D01D4999
:106648004A46434605F1180000F0D6FB204600F004
:10665800A5FB68B91849144A114840F2771302F0AB
:1066680068FD2146154802F064FD40F27711D5E730
:10667800084800F093FB40B90F490B4A084840F21C
:10668800771302F056FD0349ECE73046BDE8F047C2
:10669800FFF784BC540700205807002058D9000889
:1066A800E7B4000809D900080FC400083CC4000872
:1066B80051C400082165000867C400087EC40008AA
:1066C800280700202DE9F04104460D46EFF3118715
:1066D800102383F31288BFF36F8F594800F050FBE3
:1066E80060B9584A58495948882302F022FD54494C
:1066F800574802F01EFD8821524818E0504800F023
:1067080063FB237C03F01F02002A0CBF012600262E
:1067180062D103F07F0323744E4B9C4209D14E494A
:106728004E4A4A483D2302F004FD3D214B4802F001
:10673800F7FC204603F060FC237C43F080036DB235
:10674800DA07A573237407D54549444A3F483623D9
:1067580002F0EFFC3621E9E7DFF818814246D8F865
:10676800201052F81C3F934208D1C4E900210C6064
:10677800C8F820400DE08B42F7D01B68002BF4D0FE
:1067880093F90E00A842F6DD5968C4E900310C609F
:106798005C60D8F81C40944200D00CB9D8F80C4082
:1067A800D8F808309C4202D0204600F061FAC8F8B8
:1067B8001840234800F0F2FA00283AD1214A294922
:1067C80022484FF49B7302F0B4FC1D49264802F09E
:1067D800B0FC4FF49B718FE79B0728D5A16841B99E
:1067E80022491A48224AE32302F0A3FC2048E32165
:1067F8009DE720466DB203F0FFFBA5730B68994235
:1068080009D14B68C4E900131C604C60D1E74A68A1
:106818009342F6D01B68002BF3D093F90E20AA42BE
:10682800F5DD5A68C4E9003214605C60C1E7A573FD
:10683800BFE787F31188BFF36F8F3046BDE8F0815B
:10684800540700200FC400083CC40008E7B400083F
:1068580051C4000860020020C1D7000897D700087B
:10686800E2D7000867C400087EC40008F1D5000814
:10687800ABD5000828070020F8B506460C46EFF30C
:10688800058363B14049414A4148342302F051FC31
:10689800404802F04EFC3D48342102F041FC50EAE9
:1068A800010303D1FFF778FA0020F8BDEFF3118751
:1068B800102383F31288BFF36F8F374800F060FA14
:1068C80060B9364A36493248882302F032FC3249E8
:1068D800344802F02EFC88213048DEE7324D2E483D
:1068E80000F072FA314BA868186003F0B5FBA8688D
:1068F8002F4923463246183000F07EFAAA68137CE6
:1069080043F0040304461374234800F047FA68B9B7
:10691800224A28491E4840F2771302F00AFC1E4911
:10692800254802F006FC40F27711D5E7AB687FB145
:106938001A7C12F0090F0BD12049214A1448E3238D
:1069480002F0F7FB1F4802F0F4FB1D48E321A4E71F
:106958006FF00A029A671C4A5F67536843F08053D6
:106968005360002383F31188BFF36F8FAA68D2E9BD
:106978000A12B2F1004F08BF994295D103F0A1FB6A
:10698800201A20EAE07090E75DD5000891D9000848
:10699800E7B40008EED50008540700200FC400082B
:1069A8003CC4000851C400082807002058070020EC
:1069B8002165000867C400087EC4000878D800086C
:1069C8004ED80008E1D8000800ED00E038B50546CB
:1069D8000C46EFF3058363B11149124A124860234C
:1069E80002F0A7FB114802F0A4FB0E48602102F058
:1069F80097FBFFF741FFB4F1FF3F08BFB5F1FF3F39
:106A08000AD0C11709304FF00A024FF0000341F1D4
:106A18000001FAF7D1F838BD4FF0FF30FBE700BFAF
:106A28005DD5000891D90008E7B40008EED5000844
:106A3800024B03F11C02C3E9072270472807002014
:106A480010B5EFF31184102383F31288BFF36F8F0F
:106A5800264800F095F960B9254A26492648882332
:106A680002F067FB2149254802F063FB8821204892
:106A780010E01E4800F0A8F9EFF3058363B1204940
:106A8800204A1D481F2302F054FB1F4802F051FB07
:106A98001F211C4802F044FB1C4B9A68D37B012B36
:106AA8000AD11B49174A1448202302F042FB164812
:106AB80002F03FFB2021ECE7013BD3730B4800F0C9
:106AC8006DF968B90A4A13490B484FF49B7302F0F1
:106AD80030FB0649104802F02CFB4FF49B71C6E7C7
:106AE80084F31188BFF36F8F10BD00BF54070020D7
:106AF8000FC400083CC40008E7B4000851C40008EB
:106B08005DD50008B3D90008EED500082807002095
:106B1800D9D9000867C400087EC4000810B5EFF38F
:106B28001184102383F31288BFF36F8F1C4800F081
:106B380027F968B91B4A1C491C48882302F0F9FA4E
:106B480017491B4802F0F5FA1648882102F0E8FABE
:106B5800134800F039F9174B9A68D37B5BB916498B
:106B6800164A12482E2302F0E4FA154802F0E1FA18
:106B78002E211248EAE7EFF3058151B111490F4A76
:106B88000A482F2302F0D5FA0D4802F0D2FA2F2135
:106B9800EFE70133D3732046BDE81040FFF70CBC84
:106BA800540700200FC400083CC40008E7B40008DC
:106BB80051C40008280700200ADA0008B3D90008E1
:106BC800EED500085DD50008014B9868704700BFF6
:106BD80028070020027C12F01F02034610D10A4940
:106BE80088420DD00949086868B1D9897F2909D830
:106BF80093F90E20064B1B689A42B8BF00207047D5
:106C08000020704710467047600200205C0000209A
:106C18005C07002008B568B10F4B98420AD303F10E
:106C28001802904206D2C01A1822B0FBF2F302FBF7
:106C380013034BB109490A480A4A402302F079FA7A
:106C48000848402102F06CFA074BC0105843074B24
:106C580001221A5408BD00BFA004002063DA00080E
:106C6800E7B400083BDA0008ABAAAAAA6C07002020
:106C7800F8B50C4B0C4D1E7C0C4FFFF7ABFF1823DF
:106C880003FB06550446284600F098F934B1BB5D6D
:106C98000749E21AD317284600F0AEF80023BB557F
:106CA800F8BD00BF28070020A00400206C070020C2
:106CB8001D6C000870B5EFF31186102383F312885A
:106CC800BFF36F8F244800F05BF868B9234A244962
:106CD8002448882302F02DFA1F49234802F029FA94
:106CE80088211E4802F01CFA1B48204D00F06CF861
:106CF8001F4BAC681868A04213D1FFF7B9FF1648BC
:106D080000F04CF810BB154A1A4916484FF49B730B
:106D180002F00FFA1049184802F00BFA4FF49B7171
:106D2800DFE700221A602B7C144AD35C002BE6D0E4
:106D38002046FFF74FFF0028E1D0237CDB06DED199
:106D4800FFF7A4F9A869A042D9D1D6E786F311883C
:106D5800BFF36F8F70BD00BF540700200FC4000839
:106D68003CC40008E7B4000851C400082807002004
:106D78005807002067C400087EC400086C0700207C
:106D8800006838B1044B1B7C00F00300C01A18BF20
:106D9800012070470120704728070020002302685F
:106DA8000360EFF30581074B986811B1017CC907AF
:106DB80005D41B7C1843831A584258417047012058
:106DC800704700BF28070020024B1A7C9B681343BA
:106DD8000360704728070020024B1868984208BFD4
:106DE8000020704764000020024B186808B1FEF7C5
:106DF8001DB8704760000020B3F1FF3F08BFB2F133
:106E0800FF3F2DE9F84F04469B4615461F4600F004
:106E1800B880D0F80090B9F1000F0CD05A495B4AFD
:106E28005B48812302F085F95A4802F082F95748F5
:106E3800812102F075F98160EFF31188102383F343
:106E48001288BFF36F8F5448FFF79AFF824660B9E4
:106E5800524A53494E48882302F06BF94E4951482B
:106E680002F067F988214D48E3E74B48FFF7ACFF8C
:106E7800BBF1000F4C4A24DBFFF7B6FF4B4B4A4AE5
:106E88001B68003B18BF012345194BEBE07B5B19DE
:106E9800D2E900574BF10001C4E904315D190646F7
:106EA80041EB0707FFF798FFDFF80CE1DEF80490E5
:106EB8000346EBB9C4E900E9C9F80040CEF804403C
:106EC80028E0D2E900126FF001035B1A4FF0FF319E
:106ED80061EB02025B1B62EB0B02012B72F10001FA
:106EE800BCBF01234A46C4E904324FF0000AD9E77F
:106EF800D3E9041CD4E904208A4270EB0C0B2FDA86
:106F0800891A5A686CEB0000C3E90410C4E900321E
:106F180014605C60FFF760FF84420FD1234B1B684D
:106F280001330BD1BAF1000F02D1FFF75DFF06461E
:106F3800304603F0A9F80021FDF7E6FE1648FFF7F2
:106F48002DFFB0B9154A1A4911484FF49B7302F046
:106F5800F0F81149174802F0ECF84FF49B7182E7FA
:106F6800521A60EB0C004B45C4E90420A2D01B6800
:106F78009FE788F31188BFF36F8F28463946BDE82D
:106F8800F88F00252F46F8E732DC00080EDC0008F1
:106F9800E7B40008EED50008640700200FC4000815
:106FA8003CC4000851C40008B80400206000002058
:106FB80067C400087EC4000864000020F8B50446D1
:106FC800EFF31186102383F31288BFF36F8F3348D2
:106FD800FFF7D6FE68B9324A32493348882302F0AF
:106FE800A8F82E49314802F0A4F888212C4802F06C
:106FF80097F82A48FFF7E8FE2268002A38D0FFF7FA
:10700800EBFE2B4B5B689C4208D0D2E90431D4E9F3
:107018000475DB1941EB0501C2E90431D4E90032FA
:1070280000251360A0425A604FF000024FF0004361
:10703800C4E90055C4E9042312D000241748FFF717
:10704800ADFE20BB164A1B4917484FF49B7302F04C
:1070580070F81249184802F06CF84FF49B71C5E7B4
:10706800FFF7C2FE03F010F82946FDF74DFEE4E7EE
:10707800D4E90423B3F1004F08BF012A02BF00225C
:107088004FF00043C4E904236FF01504D6E786F3F4
:107098001188BFF36F8F2046F8BD00BF640700203A
:1070A8000FC400083CC40008E7B4000851C4000835
:1070B8006400002067C400087EC400082DE9F84F6A
:1070C800434F444D386000232B60FFF785FEDFF8FF
:1070D80024810E4604464FF0010A4FF0004B3868F1
:1070E800D8E900CE4FEAE07954B1D4E904319842A6
:1070F80079EB010221DA1B1A61EB0901C4E90431B9
:1071080010EB0C004EEB09020024C8E900024FF016
:10711800FF3320462B603C6002F0B6FF2146FDF7A6
:10712800F3FD2D48FFF73AFEF0B186F31188BFF35F
:107138006F8FBDE8F84FFFF7BDBD13EB0C0241EBB5
:107148000E01C31AC8E900213B60D4E90032D4F823
:10715800089013605A600023C4E90033C4E904AB03
:107168001D48FFF71BFE78B91C4A1D491D484FF4FE
:107178009B7301F0DEFF18491B4801F0DAFF4FF45A
:107188009B71164801F0CCFF86F31188BFF36F8F0F
:107198002046C847EFF31186102383F31288BFF304
:1071A8006F8F0D48FFF7ECFD58B90C4A0F490D4891
:1071B800882301F0BEFF08490D4801F0BAFF882175
:1071C800DFE70548FFF700FEFFF706FE044686E7FF
:1071D8006007002060000020640700200FC400083A
:1071E80067C40008E7B400087EC400083CC400086F
:1071F80051C40008B804002010B5EFF3118410231F
:1072080083F31288BFF36F8F0B48FFF7B9FD68B996
:107218000A4A0B490B48882301F08BFF06490A48A4
:1072280001F087FF0548882101F07AFF0248FFF73F
:10723800CBFD204610BD00BF640700200FC4000826
:107248003CC40008E7B4000851C4000810B504465F
:107258000C48FFF7A3FD78B90B4A0C490C484FF4CA
:107268009B7301F066FF07490A4801F062FF064870
:107278004FF49B7101F054FF84F31188BFF36F8FB3
:1072880010BD00BF640700200FC4000867C40008D1
:10729800E7B400087EC4000870B5EFF31186102328
:1072A80083F31288BFF36F8F1A48FFF769FD68B937
:1072B800194A1A491A48882301F03BFF1549194809
:1072C80001F037FF8821144801F02AFF1148FFF721
:1072D8007BFDFFF789FD144AD2E90045041945EB07
:1072E800E0750C48FFF75AFD68B90B4A0F490C487E
:1072F8004FF49B7301F01DFF06490D4801F019FF7B
:107308004FF49B71DFE786F31188BFF36F8F204638
:10731800294670BD640700200FC400083CC400085B
:10732800E7B4000851C40008B804002067C4000886
:107338007EC400080EB470B58BB00FAC054654F887
:10734800046B2022002102A802F0E2FE01238DF83E
:107358000A302246064B0493314602A8069501944A
:1073680000F046FD0BB0BDE8704003B0704700BFA9
:1073780081A700082DE9F0410126B24201DCBDE8F1
:10738800F08107463B461F4613F8014B002CF6D008
:10739800252CF8D11D78252D07F10207F2D00023FE
:1073A800DFF8EC809C461C461F2C27D8A5F1200E40
:1073B800BEF1100F06D828FA0EFE1EF0010F53D1A9
:1073C8002E2D3CD02E2D27D8242D33D02A2D36D043
:1073D800BCF1000FD3D0B445D4D145F02007A7F1B4
:1073E800650CBCF1020F0B6801D9612F42D107333C
:1073F80023F0070308330B600136BEE77F2CDFD983
:107408006C2D23D01DD8682D27D06A2D01D04C2D86
:10741800DED144F4207408E0A5F1300EBEF1090F66
:10742800EED80A2404FB03E3202417F8015B002D9F
:10743800BAD1CDE7BCF1000F18D0B34218D0002361
:10744800F3E7742DF1D07A2DEFD0C1E7250648BFB8
:1074580044F4007444F08004E7E7E50548BF44F4C9
:10746800007444F48074E0E70024DEE79C46E6E715
:107478006325B2E7692D02D007D8632D03D025060E
:1074880001D5A405B3D40433B5E7732DF6E700BFDF
:10749800892801002DE9F04F8378D0F8049093B043
:1074A8009C07CDE90812804615D50B920B4600259E
:1074B800187890B1252814D0013306934146C8475F
:1074C800002805F1010580F2FC8398F8023043F0AA
:1074D800040388F802304FF0FF35284613B0BDE8A2
:1074E800F08F93F801A09A1CBAF1250F0692E5D007
:1074F8004FF0000B5E465F465C461F2C23D8AAF16E
:107508002003102B22D8DFE803F01521211B2121AD
:10751800210B2121211321182121090044F0010404
:10752800069B13F801AB0693BAF1000FE5D11BE0F7
:1075380044F0020444F00404F2E744F00804EFE7DE
:1075480044F01004ECE77F2C00F2F880BAF12E0F1B
:1075580000F0D58000F2AE80BAF1240F00F0D5809B
:10756800BAF12A0F00F0B680BBF1000F06D0099BD4
:1075780008980B935A460BA9FFF7FCFE002E4AF019
:107588002003B8BF24F040040493A3F16503BCBFF3
:10759800A4B20026022B04D94AF02003612B40F044
:1075A80090826FEA0A0A0AF0200307930B9B0733BD
:1075B80023F0070303F108020B92049A612AD3E926
:1075C80000AB04F0400340F0E680002B08BF4FF00A
:1075D800FF36079B0093504633460CAA594603F0E2
:1075E80022F80130C3B2B3420393A8BF03F1FF36B8
:1075F8004FF0010C7023CDE9043CDDF830A044F4D1
:10760800C0540AF10903122B0DD90AF16303C62BE2
:1076180040F2F4800AF2E73340F2CE7293428CBF14
:107628000423032305939DF83430D80700F1E8803C
:10763800A20700F1E880C4F3800B4FEA4B1B5FFA06
:107648008BFB13F00C0F00F0EA80BBF1000F0CBFAE
:1076580003230423BB420EDA2007A7EB03070BD44E
:107668002F4441462020C847002805F10105FFF6B0
:107678002CAFBD42F5D10027BBF1000F07D0414622
:107688005846C847002805F10105FFF61EAF9DF8CA
:107698003430AF4C13F0080FAE4B08BF1C462646DB
:1076A800324616F8010B002840F0B0802C1B02EB84
:1076B800040B7DE1AAF13003092B3FD814F0400FE9
:1076C8004FF00A0212BF02FB063602FB073744F0EE
:1076D800200425E7BBF1000F7FF422AF0B9A600668
:1076E80052F8043B0B9201D51E4619E7002BA7BFA1
:1076F80044F020041F465F4244F0280410E7630664
:107708003FF5EBAE44F040040AE7BBF1000F3DD073
:1077180014F0400A099B08980B930CBF3A4632466E
:107728000BA9FFF727FE0B9B53F8042B0B93BAF119
:10773800000F01D01646F3E61746F1E6BAF16C0FD2
:1077480016D00CD8BAF1680F19D0BAF16A0F03D065
:10775800BAF14C0F7FF408AF44F42074E0E6BAF1B4
:10776800740F3FF4DDAEBAF17A0F3FF4D9AEFBE601
:10777800200648BF44F4007444F08004D0E6E305D2
:1077880048BF44F4007444F48074C9E65E46344645
:10779800BB463746C4E6002B049B08BF0626652B6C
:1077A8000ED1721CD2B244F480541346112A4FF001
:1077B80065014FF0000228BF11239446049107E0A9
:1077C800049B662B12D144F40054B44601221123C1
:1077D800CDE9002C50460CAA594600F047FFC3B229
:1077E80003930223DDF830A005930AE716F0FF02A1
:1077F800DBD16523049394460123E9E7022311E7CB
:107808004FF02D0B1DE74FF02B0B1AE7079BC01A03
:107818004146C0B2C8470028BFF642AF55E614F447
:10782800405F40F09980039B4833002E6B4408BFAB
:107838000126133B039A1AB113F8012D302A79D087
:1078480014F0100F039B18BF33461AF1040F76DBB0
:10785800B24574DA534544F4005440F380800AF189
:1078680001069E1B2AEAEA730133BBF1000F00D020
:107878000133002E75D0721C13449F42CCBFFF1AEF
:10788800002714F0090F03D12F44BD426DD1002702
:10789800BBF1000F07D041465846C847002805F1FC
:1078A8000105FFF612AE230511D541463020C84721
:1078B8000028FFF60AAE079BC3F17800414600F0A6
:1078C800F800C847002805F10205FFF6FEAD2007BD
:1078D80004D4AB467D195D454FD10027A1046AD574
:1078E8002AEAEA73AAEB030A7642039A524584BF4E
:1078F8000CAA524403F1FF338CBF507930209E42CA
:1079080005F1010B41DC41460493C8470028049B5C
:107918000AF1010AFFF6D9AD5A1C09D141462E20B9
:107928000493C8470028FFF6D0AD049B05F1020B6D
:107938005D46DAE7039A013AD2B203927AE75E1E0D
:1079480014F4006F059A14BF0523032313448CE72E
:1079580056DC000852DC0008A10483D4F0E70026B6
:1079680080E7E20648BF013387E741462020C84741
:10797800002805F1010588DAA7E541463020C84707
:1079880000280BF1010BA6DA9FE541460393C8478F
:107998000028FFF69AADE6060AD5039B013307D106
:1079A80005F1020B41462E20C8470028FFF68DAD91
:1079B8005D465F4418E29DF835004146C8470028F7
:1079C800FFF683AD002E61DD41462E20C847002812
:1079D800FFF67BAD01240CAB039AA242CABFE218A2
:1079E800302050794146C8470028A346FFF66DADC0
:1079F8000134A6420CABEFDAAC1C5C44049B079A3A
:107A0800981A4146C0B2C8470028FFF65EADBAF1E1
:107A1800000FB4BF2D202B204146B8BFCAF1000A81
:107A2800C8470028FFF651AD059B042B3AD14FF407
:107A38007A76BAFBF6F505F130004146C0B2C84780
:107A4800002804F10304FFF640AD06FB15AA6426DE
:107A5800BAFBF6F505F130004146C0B2C847002828
:107A680004F10104FFF631AD06FB15AA0A26BAFB9C
:107A7800F6F505F130004146C0B2C847002804F1C8
:107A88000104FFF622AD06FB15AA13E0E40601D4B3
:107A98006C1CB3E741462E20C847002805F10204B4
:107AA800ACDA12E5059B032B04F10204CFD0059B49
:107AB800012BDBD10AF1300004F1010B4146C0B2C1
:107AC80072E7AAF16303122B00F2E580DFE813F0F6
:107AD80013005400E300E300E300E3005400E30074
:107AE800E300E300E300E300FC00DD00E300E30063
:107AF8002900E300AB000B9B1A1D1B680B928DF845
:107B0800303001260DF1300A20072CD50AEB060B80
:107B180054465C4529D1A5EB0A0A04EB0A0BBF1BA6
:107B280046E70B9B1A1D0B92D3F800A0A94BBAF19C
:107B3800000F08BF9A4614F0400F14BF31464FF0AB
:107B4800FF31504602F00EFB0646DDE74146202095
:107B5800C8470028FFF6B9AC013CA642F6D32F442B
:107B68003D1B2746D2E73C46F7E714F8010B414690
:107B7800C8470028CDDAA8E421060B9B32D5A20518
:107B88002BD5073323F00703D3E9000103F10802DB
:107B98000B9224F0100B00291FFA8BFB32DA4042BB
:107BA80061EB41014BF4806B0CAC0A23224602F0D6
:107BB800E5FA1BF0400FA0EB040200F09C802BF0CC
:107BC800010396429BB240F39F80BAF1000F40F048
:107BD8009D802BF011039BB21FE01A1D18680B92B1
:107BE800C117D6E71A1DE00519680B9201D408469B
:107BF800F6E7A2054BBF48B208B241F3C01141F302
:107C0800C031C6E750EA0103CED16306CCD5002EB9
:107C1800CAD124F01104A3B23246344640F20641D8
:107C28000B426FD126E024F01004A4B20A2314F00A
:107C3800800C0B9A4CD014F400711DBF073222F04F
:107C4800070202F10801101D19BF0B91D2E90001CA
:107C58000B90106850EA010247D124F0160B620617
:107C68001FFA8BFB45D5002E43D124F01704A3B28D
:107C78003246344619075FD4D90704D5A74272DDC6
:107C88003C1BA6183C46A34650E044F010041023C1
:107C98004FF0780ACBE74AF02003782B04D1CAF1D9
:107CA800780343F01003C2E741462520C84700285F
:107CB800FFF60BAC41465046C8470028FFF605AC16
:107CC8000235069BFFF7F4BB08234FF0000AAEE726
:107CD800111D0B9114F480711068BBD014F400715D
:107CE8001ABFC0B2614680B2B4E724F006041FFA96
:107CF80084FB0CAC5AE714465B46D9068ED5BAF11C
:107D0800000F05D10134B5E71446F6E73446F4E729
:107D18000234AFE741462020CDE90332C8470028A6
:107D2800FFF6D3ABDDE903320BF1010B5F45F1DC64
:107D38002C1B04EB0B055C46D90616D541463020B2
:107D48000392C8470028FFF6C0AB039ABAF1000FA8
:107D580032D0023541465046C8470028039AFFF6FC
:107D6800B4AB2E441DE016468DE740F206410B42A7
:107D7800F7D013F0020F14BF2B20202013F4806FCC
:107D8800039205F10105414618BF2D20E4E741465D
:107D980030200392C8470028039A05F10105FFF631
:107DA80094AB731B9A42F2DB16460DF1300A2EB9DA
:107DB80002EB050B3F1BFBE50135D2E7013E4146CF
:107DC8001AF806000392C8470028039AEFDAFFF76B
:107DD8007CBB00BF5ADC000841462020C847002869
:107DE80005F10105FFF671AB7B1B002BF4DC68E79E
:107DF8002DE9F04F91B00023824607920E920F931F
:107E080005930D4615F8014BACB1202C17D0A4F101
:107E18000903042B13D9252C17D00FA9504602F0BB
:107E2800D4F9031EC0F2EF80DBB2A3420BD00FAA35
:107E3800514602F0D4F9059811B0BDE8F08F0FA9AA
:107E4800504602F0D4F92946DBE74F78252F01F197
:107E58000205E2D02A2F03BF8F78CD1C012400240D
:107E68000026A7F13003DBB2092B19D9A20722D5C6
:107E7800242F22D1079B0E9324F00204A4B20022DF
:107E880001239E4214DC42B10E9A731E002E4FEA63
:107E98008303D8BF00231A440E9215F8017BDFE74D
:107EA8000A2215F8017B44F0020402FB0636D8E7E3
:107EB80001330122E5E74FF0FF366C2F33D007D8A6
:107EC800682F24D06A2F3CD04C2F35D027B9B2E781
:107ED800742F33D07A2F31D09748394602F023F9DE
:107EE8000028A8D014F001030C9301BF0E9B1A1DA3
:107EF8000E92D3F800B018BF4FF0000B6E2F23D1AD
:107F08000F9A00940023584602F086F99BE72F78D1
:107F1800682F03D044F020040135D7E744F030043B
:107F28006F780235D2E72F786C2F02D044F0040422
:107F3800F2E744F00C04F3E744F00C0415F8017B75
:107F4800C4E744F00804F9E7632F1FD114F0020FC7
:107F580008BF012604F004040FA9504602F035F9C1
:107F6800002850DBBBF1000F02D064B14BF8040BC2
:107F7800013EF1D10C9B002B7FF465AF059B0133CB
:107F8800DBB205935FE70BF8010BF1E75B2F5BD1E1
:107F98002B785E2B06BF01354FF001094FF0000921
:107FA80000270FA9504602F010F90023A8469C4666
:107FB800194605F1010E18F8012BF2B1F04507D06A
:107FC8005D2A11D02D2A03D12BB90A46012309E0D5
:107FD800002B08BF1146884203DB9042D8BF4CF003
:107FE800010C00231146E6E7002805DBCC4511D13A
:107FF8000FAA514602F0F3F8CFB99AF8023013F0FD
:108008000C0F3FF418AF059B002B14BF18464FF018
:10801800FF3011E7BBF1000F05D063074CBF4BF8E9
:10802800040B0BF8010B013E4FF00107B9D1BBF16E
:10803800000F07D014F004041ABF0023CBF8003057
:108048008BF80040454695E70FA9504602F0CFF857
:108058000028D8DB582F6AD0643FFBB2142B00F2FB
:10806800B180142F00F2AE80DFE807F063ACACAC4F
:10807800AC0BACACACACAC5F61ACAC42AC63ACAC24
:10808800610000270FA9504602F09FF82B2803D063
:108098002D2809D144F04004013EAED00FA9504626
:1080A80002F093F80028A8DB302873D1B6F1010953
:1080B80005D00FA9504602F088F800283EDA0026BD
:1080C800B046620602D5764268EB4808009432460C
:1080D8004346584602F0A0F84CE7BBF1000F05D024
:1080E80067074CBF4BF8040B0BF8010B013E0FD090
:1080F8000FA9504602F069F8002809DB202803D0B0
:10810800A0F10903042BE8D80FAA514602F067F83A
:10811800BBF1000F3FF42EAF14F004041ABF002384
:10812800CBF800308BF8004024E70827AAE710278F
:10813800A8E70A27A6E700BF61DC000840F0200393
:10814800782B44F080040DD137F010030DD1B6F12F
:108158000209B4D00FA9504602F037F80028AEDB68
:10816800102702E0002F08BF08270026B04639284C
:10817800034682BF00F1FF3343F02003263B303B28
:108188009F420CD851460FAA02F029F821067FF524
:1081980034AF96E7B146002FE7D10A27E5E7A7FBFA
:1081A80006629E1907FB082242F10008B9F101098D
:1081B80044F0800485D00FA9504602F006F8002844
:1081C800D5DA7EE70FA9504601F0FFFF2B28029071
:1081D80003D02D280CD144F04004013E3FF40DAFEC
:1081E8000FA9504601F0F1FF031E0293FFF605AFF9
:1081F800029B43F02003692B3FD06E2B6DD04FF0CC
:1082080000080A230393CDF81880CDF8108047465C
:10821800C146230540F19080029B43F02003DBB266
:10822800A3F16102052A00F28780039A573BDBB26B
:10823800934280F0E580E10544F0800200F1A280DD
:1082480003990A2904F00C0140F0848000290CBF2E
:10825800082110210698884240F38180039A0A2A4F
:1082680044F4C07440F08F80042B40F28C80052BBE
:1082780000D100230222049285E0794FDFF8EC91C7
:108288004FF0000817F8012BAAB1013E02920ED058
:108298000FA9504601F099FF031E08DB029A43F02C
:1082A80020039342EED00FAA514601F098FF6D4B80
:1082B8009F427FF4A2AE49EC108B02F0A5F938B3C7
:1082C800013E25D00FA9504601F07FFF282816D07F
:1082D8000FAA514601F083FF1AE0634FDFF890912F
:1082E8004FF00008CEE720F02003413B192B06D9B8
:1082F800A0F13003092B02D95F287FF47EAE013E3E
:108308003FF47BAE0FA9504601F05FFF2928EAD160
:10831800630606D509F10043CDF828800B93DDE903
:108328000A89BBF1000F3FF425AE14F00C0F00F0E2
:108338007581CBE900891DE6029B039A303BDBB2CD
:108348009342FFF478AFFE2B5AD1A30558D444F4D6
:10835800007422E000290CBF07210F217AE7A1054C
:108368004BD403990398A1FB0771DF1900FB09118E
:1083780041F1000957EA090302D0069B013306932D
:1083880014460AE01446049A002B18BF42F0010272
:108398000492A20501D408F10108013E07D00FA9F3
:1083A800504601F012FF031E0293BFF632AF2106BA
:1083B8007FF523AE2205029A4CBF7023652342F055
:1083C800200248BF4FEA88089A4272D1731E03936D
:1083D80071D00FA9504601F0F8FE2B28034603D0B0
:1083E8002D283AD144F48064B21E039219D10FAA01
:1083F8005146184601F0F3FE5DE008F1FF38B0E79A
:10840800029A42F02002782A04F08003CFD1002B90
:10841800CDD057EA0903CAD1102344F4006403936A
:10842800BBE70FA950460D9301F0CFFE0D9B1E46EA
:108438000346A3F13002092A1CD918460FAA51464F
:1084480001F0CDFE731C04D00FAA5146304601F04E
:10845800C6FE02980FAA5146CCE74FF0FF36E8E770
:10846800BDDC0008C0DC0008BADC00080000F07FB2
:108478000000F87F00260A2240F2D3418E42DCBF7A
:10848800A3F1300102FB0616039A013A03920AD0BF
:108498000FA9504601F099FEA0F1300109290346C1
:1084A8004FF00A02E8D9600548BF7642B044039EFF
:1084B8000293002ECDD157EA090300F0AA802105C6
:1084C80004F00C027ED5002A5AD05C4835235A1C89
:1084D800192A904407BF4FF00071002200214FF481
:1084E80080028F4279EB02064ED3182B07BF4FF05C
:1084F8008062002100224FF40001974279EB0106C7
:1085080048D2804546DB049A3A43174607F00301F0
:1085180003294A4603D007F0060106290AD1043781
:1085280049F10002B2F5000F22BF08F10108012746
:108538004FF48002BF0847EA8277C3F13501C3F1DF
:10854800150692088A40153B07FA06F627FA03F340
:1085580032431A43394B984207FA01F129D1B8F549
:10856800806F65DAB2F5801F29D308F2FF3822F44C
:10857800801242EA085308910993DDE90889C7E6A1
:108588006FF07D001823A2E7FF1949EB090908F1EC
:10859800FF38A6E77E0846EAC97607F001073743A1
:1085A8004FEA590908F10108A7E74918524108F1AB
:1085B800FF38B2F5801F38D218F57F7FF5DA4FF013
:1085C8000008D6E7049B07F0010018430130069B1A
:1085D8008008381849F1000143445AB113F5A27FC5
:1085E80017DDB3F59B7F23DA4246F8F7F5FE59EC21
:1085F800108B8DE613F12D0F0BDB272B18DC414672
:1086080001F051FE10EE100AF7F70EFF804689467A
:108618007EE64FF000084FF0000979E640464946EB
:10862800F8F76CF9CBF80000A4E4B8F5806F9CDB90
:10863800DFF80C904FF000086AE600BF02FCFFFF6D
:108648000000F07F1FB502AB0093074A4FF0CC3310
:1086580001F0A4FFDDE90201C00840EA4170C90841
:1086680005B05DF804FB00BFCDCCCCCC2DE9F04FB4
:108678009BB00F0D0A939DF8903005920C93C1F3AF
:108688000A52C1F31303C90F044607917AB950EA95
:1086980003017CD1059930234B71079B0A6043F095
:1086A80002030B71012630461BB0BDE8F08F40F283
:1086B800FF718A420AD10343079B059A14BF43F00E
:1086C800080343F0040313710026ECE7A2F2354ACD
:1086D80043F48015234301BF27F001077F057F0D71
:1086E800B7FA87F704F001024FEA85080CBF7F0943
:1086F8000127BAF1000F089248EA94784FEA8406F5
:10870800C0F2B680504600F0EBF9BAF1030FC8BFCB
:108718000138049000F0FEF9049B7C30A3EB0A0AB0
:10872800824416A9184600F089FA12AB019310ABDF
:108738000093204653462946029716AA01F03CFEAC
:10874800049B152B04460D4600F28E8014ABA94AF3
:10875800009330464FF0CC334146DDE9109A01F0E2
:108768001DFF149B159A9B0843EA827303EB83034E
:10877800B34210D14146304600F0D4F9049B8342FD
:108788008CBF4FF000084FF00108002715E0DFF814
:1087980068A21D469EE7089B002B55D1013E48F173
:1087A800FF31F01B61F1000100F0BCF9049BDDF81A
:1087B800208083428CBF002701270C9B002B40F0B0
:1087C800C880DDF828900026069609964FF00A0B17
:1087D800DDE91001FFF736FFDDE912A3CDE90D0150
:1087E800194650460F93FFF72DFF0A460D990B9037
:1087F80003468B420E9B72EB03010F9B80F0C480F3
:10880800204629460F92FFF71DFF0B9B0F9A1392E4
:108818000BFB03F50D9B10930E9B11930B9B12936F
:10882800069B002E14BF4FF0000808F00108013322
:108838000BFB1046554514BF002707F00107F6B299
:10884800069304460D46C3E7B01C48F1000100F04A
:1088580069F9049B83428CBF00200120B9EB00001A
:108868006AF10002CDE910024FF000084746A4E77C
:10887800CAF1000B584600F039F9BAF1FF3F0CBFB6
:108888008146A0F10109ABEB090B0AEB0903584635
:10889800049300F03FF916A9A0F17D0A584600F0AC
:1088A80059F912AB0193A9EB0A0A10AB00932046C1
:1088B80029460297534616AA01F07EFDB9F1010F29
:1088C80004460D460ED8089B13B94FF0010874E70B
:1088D800109B119A013B42F1FF32CDE910324FF063
:1088E800010852E7B9F13E0FBED84FF0FF33A9F1A6
:1088F800200003FA09F203FA00F0C9F1200123FA73
:1089080001F102430A4303FA09F328EA020826EAB6
:10891800030656EA08060CBF4FF001084FF000089E
:1089280033E700FB02F6A1FB0012013332448C420C
:1089380075EB0206F5D2049A1344259A1344D20F14
:108948009342B8BF13460A9A9A42A8BF1A4691465C
:1089580039E70A21002201230846E8E70BFB01FE5C
:10896800A0FB0B010CF1010C7144844275EB010E64
:10897800F4D2CC450DDDB9F1000F02D154EA05015E
:1089880007D0012309933BE70A2000214FF0010C8F
:10899800EBE7002F32D04FF00A0B50461946FFF78D
:1089A80051FE0BFB00F252450B910E9026D1DDE9EA
:1089B8001001FFF747FE8A460D9029462046FFF72B
:1089C80041FE0D9A0E9B1293CDE9102A0B9A139231
:1089D800069A002E14BF4FF0000808F00108013273
:1089E8000BFB10469A46F6B20B9B069204460D46C0
:1089F800D3E700BFCDCCCCCCCCFBFFFFB8F1000F48
:108A080005D0052E03D104F001060436F6B2049B06
:108A1800069A13449846099B53B9DDE912239D42EF
:108A280008BF944204D1089B002B46D1002F44D0A4
:108A3800042E94BF0026012630194FF00A0245F192
:108A48000001002301271446904271EB030536D23A
:108A5800EEB1B9451BDA0C9B6BB1259A08EB0703FD
:108A68001344012B0A9AB8BF01239A42A8BF1A4699
:108A7800974291460BDD05304FF00A024FF0000394
:108A880041F10001F8F798F808F10108013F4F4556
:108A9800A8BF4F463EB20FFA88F8059B08FA87F739
:108AA80006F10508013F98444FF00009B1450DDB78
:108AB800059B079A1F601A71F5E50126BCE704FBC0
:108AC80003F5A2FB042301372B44BDE70A22002348
:108AD800F8F772F8303208F8012D09F10109E5E7D5
:108AE800014B5843800C704741340100014B5843F7
:108AF800000D7047FB2E0B00014B5843C00C70470C
:108B08004F931200024B5843C00C0130704700BF0E
:108B18004F931200024B5843C00C0130704700BFFE
:108B28004F9312000A4A70B503464FF0CC36002026
:108B38004FF0333506FB03F402FB0144A3FB02317B
:108B480021449D4275EB010401D30130F2E770BD69
:108B5800CDCCCCCC2DE9F04F1A23354EB0FBF3FA2F
:108B680003FB1A0389B004460D4606EB0A1653B9EF
:108B7800D6E90023C1E90023D6E90201C5E90201CB
:108B880009B0BDE8F08F2B4A02EBC303D3E9008993
:108B980004AB0093D6E902234046494601F0FEFCA7
:108BA80006AB0093D6E9002383460F464046494664
:108BB80001F0F4FCDDE9066216EB0B0652EB070840
:108BC8004FF0000328BF0123814633B1049B059A67
:108BD800013342F10002CDE9043220460391FFF748
:108BE80099FF07461A2000FB0AF0FFF793FF3F1A88
:108BF8003246434603990097484601F0E6FC4FEA9F
:108C0800141C0D4A640004F01E0352F82C40DC408A
:108C180004F00304241841F10001C5E90041DDE92D
:108C2800042300973046414601F0CFFCA6E700BF79
:108C3800C0AE0008F0AD0008E8B300082DE9F04F19
:108C48001A27DFF8ECA000F11905B5FBF7F56F431B
:108C58003A1A4FEA051B89B004460E460AEB051579
:108C68000AD1D5E90023C1E90023D5E90201C6E903
:108C7800020109B0BDE8F08F2B4B03EBC203D3E927
:108C8800008904AB0093D5E902234046494601F028
:108C980085FC5AF80B206B68013ACDE9020106A958
:108CA80063F1000300914046494601F077FCDDE995
:108CB80006528A4602996D18039952EB01084FF043
:108CC800000328BF0123814633B1049B059A013371
:108CD80042F10002CDE904323846FFF71BFF074690
:108CE8002046FFF717FF3F1A2A4643460097484693
:108CF800514601F06AFC4FEA141C0C4A640004F067
:108D08001E0352F82C40DC4004F0030401342418FC
:108D180041F10001C6E90041DDE904230097284636
:108D2800414601F052FCA2E7F0AD00083CB400084F
:108D380090AF000851EC100B0B4631F0004104D104
:108D480000280CBF022003207047094A134208D0AC
:108D5800084B994207D9914207D1B0FA80F04009EF
:108D6800704703207047042070470020704700BFF9
:108D78000000F07FFFFFEF7F704708B501F0A5F90D
:108D88000A220023F7F718FF08BD037C032B9EBFB8
:108D980040F8231001330374704738B5044651B9BD
:108DA800012383740025227CEBB29A4207D8637CA6
:108DB8000133637438BD012908BFC174F2E754F860
:108DC8002300036801219B6898470135EBE738B514
:108DD800044671B98174E57C95B9227CEBB29A425C
:108DE8000ED954F82300036800219B689847013581
:108DF800F3E7012904BF0023C374837C002BEAD066
:108E080038BD38B50024054644822A7CE3B29A422C
:108E180000D838BD55F82300036800219B6898479F
:108E28000134F2E790ED0D0A70477047704710B5AE
:108E38005821044601F04BF9204610BD10B53821E1
:108E4800044601F044F9204610BD10B52DED028B03
:108E580003689B68044698472046B0EE408AF9F7B5
:108E680025F8B0EE480ABDEC028B2046BDE810405C
:108E7800F9F76AB8884238B505460C4615D0F9F7AF
:108E88005DFA00232B776568A38301F01EF90A2297
:108E98000023F7F791FEC5E90001636800221A6113
:108EA800636800200021C3E90801204638BD7047E7
:108EB800704710B50421044601F009F9204610BD99
:108EC80010B50421044601F002F9204610BD00EB5C
:108ED800C10040884008704708B5FFF7F8FF08440C
:108EE80008BDF0B5034600EBC100161DC588A942B0
:108EF80009D101219140DA6822EA0102DA600022F0
:108F080043F82620F0BD8788FC000634EA00185B89
:108F1800814202F1040202D1985A814207D000210D
:108F280081F31188BFF36F8F0421084602DF43F8ED
:108F380026501D539F52E5E708B50346FFF7C7FFC4
:108F4800B0FA80F2C2F11F021846BDE80840FFF7E8
:108F5800C8BFF8B50346FFF7BAFFB0FA80F0C0F112
:108F68001F0003EB800CCA00DCF81060171D0C46CC
:108F780006328DB256B9012101FA00F0D9680143D1
:108F8800D960CCF81040DD539D52F8BDF100043192
:108F980033F801C04FEACC040634185B864208D087
:108FA800002080F31188BFF36F8F4FF0040E7046D6
:108FB80002DF23F807C09E521D535D52E5E710B546
:108FC80000EBC10304465B88DB070A460ED4FFF7B3
:108FD80083FF34F83030C01A814207D134F8311099
:108FE8002046511AFFF778FF824207D0002383F307
:108FF8001188BFF36F8F0423184602DF10BD38B500
:109008000446FFF764FF0D46034611462046FFF766
:109018005EFF1A1892B204EBC50553006B80204618
:10902800FFF75AFF24F8302038BDF8B5002967D07B
:1090380004680D1F2D1BEE0825F0070562195388DB
:1090480013F0010306D183F31188BFF36F8F042354
:10905800184602DF31462046FFF73EFF34F830302D
:10906800C01A864207D0002383F31188BFF36F8F9D
:109078000423184602DF615B2046711AFFF72CFFB4
:10908800B04207D0002383F31188BFF36F8F042306
:10909800184602DF538823F00103538031462046E7
:1090A800FFF71AFF04EBC00307465B88DA070CD406
:1090B80001462046FFF783FF39462046FFF73CFF6D
:1090C8003A4631462046FFF79AFF655B751B04EB6D
:1090D800C5035B88DB070DD429462046FFF76FFFE1
:1090E80029462046FFF728FF324629462046FFF743
:1090F80086FF2E4631462046BDE8F840FFF729BFD7
:10910800F8BD002070470FB407B504A951F8040B47
:109118000191F9F70DFA03B05DF804EB04B070475C
:10912800002383F31188BFF36F8F0423184602DFEF
:1091380070470FB407B504A951F8040B0191F9F76A
:10914800F7F903B05DF804EB04B070477047F0B569
:10915800406802F4C0454468B5F5804F4FF00100FF
:1091680000FA01F074D10729C2F343255AD890FABE
:10917800A0F3B3FA83F3266A9B000F2707FA03F3D9
:1091880026EA030690FAA0F3B3FA83F39B0005FAE4
:1091980003F3334323626568C2F3C0338B4025EA87
:1091A80000010B43636090FAA0F1B1FA81F1A56860
:1091B8000326490006FA01F125EA010590FAA0F113
:1091C800B1FA81F1C2F3014349008B402B43A360FC
:1091D80090FAA0F1B1FA81F1E568490006FA01F1C7
:1091E80025EA010590FAA0F1B1FA81F1C2F38143B1
:1091F80049008B402B43E36090FAA0F3B3FA83F362
:10920800216890FAA0F05B00B0FA80F006FA03F348
:109218004000C2F3413221EA030382401A4322602C
:109228000020F0BD030A93FAA3F6B6FA86F6676A39
:1092380093FAA3F3B6004FF00F0CB3FA83F30CFACA
:1092480006F69B0027EA06069D4035436562A2E7BD
:10925800B5F5005FA7D16668C2F3C03505FA01F11C
:1092680026EA000529436160002B9CD0D30256BF33
:109278000304A061A36196E700F04ABF00F03ABF7B
:1092880001460068F9F7D4BA08B5F9F723FBBDE839
:109298000840F9F7EDBE00210120F9F7C9BAF9F73E
:1092A80091BE61B662B680F31188BFF36F8F7047C5
:1092B80072B6002383F31188BFF36F8FBFF34F8F0C
:1092C80030BF62B6BFF36F8F7047202809D9B0F15D
:1092D800004F08D80138B0FA80F0C0F11F004000F4
:1092E8007047082070473E20704708B5FAF754F9D0
:1092F800002008BD08B5062201210020FAF7FAF976
:10930800002211460620F9F795FD0121084607229B
:10931800FAF7F0F9002211460720F9F78BFD082229
:1093280001210220FAF7E6F9002211460820F9F790
:1093380081FD092201210320FAF7DCF900221146F8
:109348000920F9F777FD0A2201210420FAF7D2F95A
:10935800002211460A20F9F76DFD0521084617225B
:10936800FAF7C8F9002211461720F9F763FD2822F9
:1093780006210A20FAF7BEF9002211462820F9F73B
:1093880059FD002008BD01F01F01012088407047E9
:1093980000F00302043292000F23934043EA900046
:1093A80010B5C3B29B0003F1804303F59C33020C54
:1093B8009C6892FAA2F2B2FA82F224EA1040914032
:1093C8000143996010BD0B88C3F30B0303F57D625D
:1093D800C2F30B02782A82B014D803F1804303F554
:1093E8000E3348681A6802431A600B88C3F30B03EC
:1093F80003F1804303F50E3300201B680193019BA2
:1094080002B070476FF08500FAE70B88C3F30B03CF
:1094180003F57D62C2F30B02782A9FBF03F18043F4
:1094280003F50E3349681A689DBF8A4300201A6005
:109438006FF08500704770B508884A68C0F30B0064
:1094480094B2C2F30445FAF7C5FAA0B9FF2A11D0BD
:1094580004F18041C2F3415601F50E310136012372
:10946800B3400C68013BAB40120E24EA0303AA4048
:1094780013430B6070BD6FF08500FBE70888C0F3ED
:109488000B0008B500F57D63C3F30B03782B0AD8EE
:1094980000F1804000F50E304B68026893430CBF22
:1094A8000220012008BDFAF795FA00280CBF022017
:1094B8000120F7E770470A2810B5044602D10D20AD
:1094C800FAF770FBE0B2FAF76DFB204610BD43686F
:1094D8005B681B690B600020704743685B685869CC
:1094E80042400A4042405A610020704743685B6826
:1094F80000209961704743685B68090499610020FE
:10950800704743685B685A69514059610020704749
:10951800F8B512F4003407690D4602F030061DD084
:10952800940718D551073BD54FF42044130301D5B0
:1095380044F48014102E2ED144F4802412F44036C2
:1095480011D0796821FA05F3DB075FBF0123AB402F
:109558000B437B6007E04FF40054E7E7D103E9D4FD
:10956800F6B94FF4C04402F44023D201003B02F4A0
:10957800403218BF012322432946FFF7E8FD46B9C8
:109588007B6823FA05F2D20741BF0122AA40934320
:109598007B600020F8BD202E08BF44F40024CDE7EE
:1095A8006FF08500F6E7036993F850201AB11B6A3B
:1095B8000B60002070476FF00400704708B5002268
:1095C80011461F20F9F736FC1F20F9F725FC002269
:1095D80020201146F9F72EFCBDE808402020F9F7B5
:1095E8001BBC08B5002211462120F9F723FC2120D5
:1095F800F9F712FC002222201146F9F71BFCBDE8FE
:1096080008402220F9F708BC08B500221146482076
:10961800F9F710FC4820F9F7FFFB00224920114612
:10962800F9F708FCBDE808404920F9F7F5BB2DE932
:10963800F74398460B7A066943F0040315460B7204
:1096480007460C460B460122AA420AD906F1100920
:109658004FF0FF324FF0FF334846FCF71DF9002664
:1096680020E00AD2197A187D81EA000C1CF0010F5B
:1096780001D040071FD589071DD401320C33D2B25F
:10968800E2E7012D14BF04F114030023CDE90038EB
:10969800384694E80E0000F065FA061E04DB013D2A
:1096A8000C34EDB2002DECD14846FCF779F8304681
:1096B80003B0BDE8F0836FF01506F8E74268036968
:1096C800D26883F8521019B9136823F01A0313608B
:1096D800704700F037B900F010BA43680169DB68D9
:1096E8005A6822F4C0625A605A6822F4C0625A600A
:1096F8005A6822F400725A605A6822F480625A60EA
:1097080091F851201AB95A6822F480725A60704749
:10971800F8B54368DC68236823F001032360FFF78A
:10972800DCFF27686668A368E568E069216A626A01
:10973800D4F800C04CF4004CC4F800C0D4F800C001
:109748009BB22CF4004CBFB2B6B243F48043ADB226
:1097580080B289B292B2C4F800C027606660A36084
:10976800E560E06121626262F8BD38B54368056969
:10977800DC68FFF7B2FF95F851301BB9236823F076
:109788000103236038BD034600695B68826CDB68AF
:109798008AB1013A82641AB95A6822F480625A601E
:1097A800C26C1969127821F0FF010A431A61C36C6F
:1097B8000133C36470475A6822F480625A60C26AEF
:1097C800910742BF1A6842F400721A605A69520738
:1097D80048BF1B69FBF7E4BFF8B50369D3E90E542A
:1097E80055EA04075E6B02460AD18EB15F630CB17D
:1097F8000021D9631046FFF7B8FF6FF004000BE0B3
:109808000EB100215963002DF1D000219963EEE7D4
:1098180009B9FFF7AAFF0020F8BDC3685A6842F4E7
:1098280080725A605A6842F400725A605A6842F468
:1098380080625A6070472DE9F0411F464368046909
:10984800DD680E4690462046FCF7A0F87368A364CE
:109858003368E364337AE36287F001070023C4E9DD
:109868000C73C4E90E33A3626664A4F824802B68E1
:1098780043F001032B602B6823F400632B602B68F3
:1098880043F480632B60337A59070BD52B689A050C
:1098980041BF23F400731B041B0C2B602B6843F49B
:1098A80080732B60BDE8F081034600695B68826CB9
:1098B800DB68002A3DD0022A21D0032A2BD0012AB6
:1098C8002ED11A6822F480621A601A6822F40062A3
:1098D8001A60C26A910742BF1A6842F400721A609D
:1098E8005A6822F480625A60826C013A8264C26CBF
:1098F8001B691370C36C0133C364FBF751BF426C1F
:109908005268022A1DD81A6822F480621A601A68FE
:1099180042F400621A605A6822F480625A60704702
:10992800013A8264C26C1B691370C36C0133C3644F
:109938007047C26A920742BF1A6842F400721A60FE
:10994800DBE7704710B443680269DB685C69E407C9
:1099580085B001462DD5106A918C10F0010014D005
:10996800946AC91101F006015CB941F0F0019062F6
:109978001A6922F0FF020A431A6105B05DF8044B28
:10998800704741F0F1010020F1E7106B4900C9B2BE
:109998000028EDD1186941F0010120F0FF000143D2
:1099A8001961926C022AE8D11A6842F400621A60BE
:1099B800E3E75C69240705D5196992F8242021F0AA
:1099C800FF01D8E75C69A4073DD5106A116BC00791
:1099D80015D5A9B9906AD0B191625A690192019AD4
:1099E8009A690192019A1A68910541BF22F400729E
:1099F8001204120C1A601A6842F48072D7E731B167
:109A08005A690292029A9B690293029BB5E7926C8B
:109A1800012A0ED11A6822F480621A605A690392E8
:109A2800039A9A690392039A5A6842F480625A60C8
:109A3800A3E7022AF2D11A6822F480621A601A682F
:109A480042F40062E9E75C6964073DD5146B2CB108
:109A5800084605B05DF8044BFFF795BE916C0229E6
:109A680006D0032922D005B05DF8044BFFF71CBFD0
:109A7800D16A890742BF196841F400711960916C75
:109A880001399164D16C18690870D06C411CD1649B
:109A9800916C013991641B694370D36C0133D364B1
:109AA800104605B05DF8044BFBF77ABE196821F43F
:109AB80080611960916C01399164D16C1B690B70DC
:109AC800D36C0133D36458E75869040602D5106B88
:109AD8000028BDD15869000605D5106B18B95A6819
:109AE80022F48062A3E75B695B067FF546AF136BE0
:109AF800002B7FF442AF0846B5E708B54368016913
:109B0800DB685A6912F4806F5A6910D022F48062B7
:109B18005A611A6842F400721A6001238B63FFF7D6
:109B2800DCFD0069FBF73CFE6FF0040008BD12F491
:109B3800007F5A6905D022F400725A6101234B63F1
:109B4800EDE7D20542BF5A6922F480725A615A6918
:109B580012F4006204D05A6922F400625A61DEE706
:109B68001046E3E72DE9FF4101AD85E80E009DF8B9
:109B78000C300A9EBDF82C20076913F00103044637
:109B880014D12946FFF757FE6068FFF746FE41F2F9
:109B9800883200233846FBF77FFEC0B12046FFF726
:109BA800B7FD6FF0040004B0BDE8F08143682946B2
:109BB800D3F80C800123FFF73EFE6068FFF72DFE07
:109BC800D8F8043043F4C063C8F80430DFE73146FE
:109BD8002046FFF701FEE6E730B503681360057914
:109BE800046804EBC504A34202D36FF0010030BD42
:109BF8005C798C4203F10803F0D10020F7E7F8B54F
:109C0800044600EB8105AC4201D100200FE054F876
:109C1800046B06F01F00C6F34317F8F727FD38B1A9
:109C2800012332463946FFF792FA0028EBDAF8BDED
:109C38006FF01200FBE74163704781637047C163AF
:109C48007047016470474168036949681B680020D0
:109C58000131B3FBF1F3C2E9003070474368C1F347
:109C68004B101B6801F01F01C05801238B400340B3
:109C7800003B18BF012313700020704710B54368DC
:109C8800C1F34B101A6801F01F01845801238B405F
:109C980023438350002010BD10B54368C1F34B1413
:109CA800186801F01F01235801228A4023EA0203A1
:109CB8002350002010BD38B504460D46FFF7DEFFDF
:109CC80029462046FFF7E8FF002038BD2DE9F04778
:109CD80088B09846002301278DF810300DF1030352
:109CE800CDE905374FF0100A0DF1040907230646A0
:109CF8000D4614468DF804A0CDF8089003978DF80A
:109D08001C3002220B4602A9FAF71EFCC0B99DF8C6
:109D1800032022EA040304EA08041C43A2420FD0E9
:109D280002238DF804A08DF80540CDF80890039320
:109D38008DF810302B463A4602A93046FAF704FC53
:109D480008B0BDE8F08770B5436888B00546186864
:109D580000F028F9002835D06E680F228DF807200A
:109D68000DF10702306802920DF106010122B38855
:109D78000392CDE90512002407228DF810408DF8D2
:109D88001C20022202A9FAF7DFFBA04203DB9DF8A0
:109D98000630B12B03D06FF0040008B070BD6868BE
:109DA8003023017900687022FFF790FF0028F2DB6A
:109DB8000223317930681A46FFF788FF0028EADB6A
:109DC8002046EAE76FF01200E7E710B5A1F14B0370
:109DD800012B0469426801D92F290FD1D3685B6A26
:109DE8006360D269B3FBF2F102FB11334FF4B44163
:109DF8004B430020B3FBF2F3236010BD6FF08500E6
:109E0800FBE72F2903690BD11968890911601B68C1
:109E180043F6095103F03F034B435360002070475A
:109E28004B2903D15B6813600023F6E76FF08500C8
:109E3800704782B003680193019B43680193019BBB
:109E480002B0704708B54368186802680368C2F32F
:109E5800C00203F0010342EA430203689B07036858
:109E680048BF42F004025907036848BF42F0200285
:109E7800DB0542BF6FF4807342F008020360D1072C
:109E880001D5FFF7D6FF930701D5FFF7D2FF51079A
:109E980001D5FFF7CEFF930601D5FFF7CAFF10469D
:109EA80008BD08B54368186803681A0701D5FFF7A5
:109EB800C0FF03689B0643BF43680B7000204FF048
:109EC800FF3008BD10B543681B6810201A681206D9
:109ED800FCD5EFF3118280F31288BFF36F8F1C68F3
:109EE800240604D482F31188BFF36F8FEEE759601C
:109EF80082F31188BFF36F8F10BD03691B681B685D
:109F08000B6043681B68DB6803F4C063B3F5806FBC
:109F18002FD0A3F5C06CDCF1000343EB0C030B71ED
:109F280043681B681B6903F44053B3F5805F22D074
:109F3800B3F5405F21D0002B0CBF012303234B71E5
:109F480043681B68DA68DB68D20403F4C06316D57B
:109F5800002B0CBF042303238B7143681B685B69C8
:109F680003F44073A3F5407253425341CB71002070
:109F780070470223D3E70023E1E70223DFE7002B42
:109F88000CBF03230223E7E738B5044648B1FAF7C4
:109F98007DFF602305465C43FAF778FF431BA34225
:109FA800FAD338BD40B1C368587810F001001EBF1D
:109FB8001878B0FA80F040097047EFF31183102346
:109FC80083F31288BFF36F8FFEE708B5FFF7F5FF3D
:109FD80090F90E308B4201D0FCF774BB002070471B
:109FE8003AB18A4205D3C0E90212C0E90000002054
:109FF80070476FF015007047D0E9003213605A605F
:10A008000023C0E90033704738B504460D46FBF716
:10A01800E3FE237C43F002032374D5B1A5602B68CB
:10A028009D4209D16B68C4E900531C606C6010E064
:10A038006A689A42F6D01B68002BF3D093F90E1089
:10A0480094F90E209142F3DD5A68C4E90032146095
:10A058005C6038BDFBF71EBFFBF7BEBE10B5037CC6
:10A0680013F0280F04460CD183680BB1FBF77AFF75
:10A07800237C23F0040323742046BDE81040FBF73B
:10A0880009BF10BDFBF7BCBF08B50246FCF7A4FE2C
:10A0980070B1D0E904319B1A61EBE272B3F1004F61
:10A0A80072F1000104DA002AACBF1846002008BD8E
:10A0B8006FF00040FBE7EFF31180003818BF012074
:10A0C800704708B5FDF7E8F808BDFDF7E5B800F0FA
:10A0D8000FB80268D207034605D4427802B1FFDE02
:10A0E80001205870704700207047012303607047B3
:10A0F800F9F79ABA0A44914200F1FF3300D1704748
:10A1080010B511F8014B03F8014F9142F9D110BD78
:10A1180002440346934200D1704703F8011BF9E754
:10A128000021F6F78DBFC9B20346184613F8012B74
:10A1380012B18A42F9D17047002918BF0020704730
:10A1480010B56AB10139841810F8012B11F8013FD4
:10A158009A4203D1A04201D0002AF5D1D01A10BDED
:10A168001046FCE710B5024601448A42134603D064
:10A178001C780132002CF8D1181A10BD2DE9F843CB
:10A18800C3F13709074688465FFA89F903F01F05C6
:10A198001646384641462A460023F6F70DFDD4B246
:10A1A800092C3A4688BF4C44434688BFE4B2AA42C9
:10A1B8004FF0000204F13004934106F8014B0746C2
:10A1C8008846E6D23046BDE8F88310B50C4600F064
:10A1D800B0FA0028A2BF23680133236010BD00280D
:10A1E800A2BF136803F1FF33136000F0CFBA70B554
:10A1F80005460E4631462846FFF7E7FF041E09DBF1
:10A20800202CF7D0A4F10903042BF3D932462946B0
:10A21800FFF7E5FF204670BDBDF8001068B111F0EA
:10A22800100F01D00270704711F0080F02D0C0E97A
:10A23800002370474B0701D5026070478B06FBD59A
:10A24800028070472DE9F04387B01C4602AB0093AB
:10A258001746D2E902238146884600F09FF904ABED
:10A268000093D7E9002306460D464846414600F0CC
:10A2780095F9DDE90423901953EB05014FF0000728
:10A2880028BF012737B1029B039A013342F100022C
:10A29800CDE90232403CDDE90223009400F095F953
:10A2A80007B0BDE8F0832DE9F041B0FA80F68E1BC7
:10A2B800002907460C4606F1070648DB0846FEF764
:10A2C8001BFC06442046FEF71DFC351B2A1A3D32AE
:10A2D8002146384600F052F9B44236DC1F2D64DCC2
:10A2E8004FF0FF33AB4027EA0303B3FA83F35B096C
:10A2F8001D46B0FA80F3F31A9E33FE2B59DC002B6F
:10A3080023EAE371CCBF0B4601239B1BA3F19704FF
:10A3180020FA04F2963B12F0010220FA03F309D066
:10A328004FF0FF32A24030EA020240D1002D3ED069
:10A3380003F001021344C3F3160303B9114443EABB
:10A34800C15300EE103ABDE8F0810123D0E74D4239
:10A358002846FEF7D7FB361A2846FEF7D3FBA6EBAE
:10A36800040808EB00023C322946384600F0F3F8AE
:10A37800B44213DCB8F11F0F17DC4FF0FF3303FAB8
:10A3880008F337EA030310D10521B7FBF1F202EB1A
:10A398008204A74204D101331746F6E70023F3E706
:10A3A8009D428CBF00230123A2E70023A0E70122DE
:10A3B800C0E74FF0FF43C4E72DE9F04F89B0051817
:10A3C800029304AB41EB0104009390462846D2E97E
:10A3D8000023214600F0E2F806AB009307468946C1
:10A3E800D8E902232846214600F0D8F8DDE90423FD
:10A3F800841851EB0306069BD8E900124FF00005BC
:10A4080028BF0125ED18079B43F10003791849EB94
:10A418000202B94272EB0902D8E9022134BF0120D5
:10A428000020A21846EB01018018029A41F10001B0
:10A43800A042A2F1410A71EB060234BF01220022B8
:10A448005219CDE90653CDF800A043F1000300F0FE
:10A45800BCF8129BC3E90001D8E9022103911499C1
:10A468000129DDE90653D8E900E027D10399CDF8A1
:10A4780000A0A21A66EB0101774579EB000034BF12
:10A4880001200020101A61F10001844276EB0102DC
:10A4980034BF01220022AA1A63F1000300F095F8E4
:10A4A800139BC3E90001DDE90623CDF800A020468F
:10A4B800314600F08AF809B0BDE8F08F17EB070BBA
:10A4C80049EB090C14EB040846EB0601BB457CEB91
:10A4D800090934BF0127002718EB070741F10008D5
:10A4E800F3457CEB000C34BF01200020381A68F1DA
:10A4F8000001801A039A61EB02016D195B41A742C2
:10A5080078EB060234BF01220022AD1843F10003A4
:10A51800874278EB010834BF01220022AA1A029D63
:10A52800A5F140050095B7E710B50299A3FB0043D4
:10A53800A2FB0020001943F100033F29DBBFA1F172
:10A548002002C1F1400140398B40D6BFD04023FAE8
:10A5580001F0184310BD30B587B00446084602A97B
:10A568001546FEF76BFB049B00955A1C059B20467D
:10A5780043F10003FFF7D8FF07B030BD30B587B00F
:10A5880015460446084602A9FEF7E4FADDE9042365
:10A5980000952046FFF7C8FF07B030BDF0B500248E
:10A5A8000D4606469446A0FB02012246E5FB0C1226
:10A5B800A446E3FB061CE5FB032412EB0C02059FF3
:10A5C80044F10004C7E90024F0BDF0B5059CC4F1CE
:10A5D8004007C4F1200602FA06F6A4F12005BB40A4
:10A5E80022FA05F53343C4F120062B4301FA06F697
:10A5F800A4F12005E04021FA05F53043BA4028438C
:10A60800E14010431943F0BD51EC100B0246534290
:10A6180021F00040134340EAD370C0F1FF4000F539
:10A62800E000C00F70472DE9F0410446CE0FC1F39A
:10A638000A55C1F3130154EA0107167140F2FF707D
:10A648006AD1002D70D12C462946002B15605FDB9E
:10A658000C2B5FDCC3F10D05AD00012005F1FF3CBB
:10A66800A5F12107C5F1210620FA06F600FA07F739
:10A6780000FA0CF03743061847EB0708D6F1000E2E
:10A6880068EB480C013E48F1FF38264008EA01080B
:10A69800B04277EB08080FDBC5F12008B5F12006BA
:10A6A80001FA08F824FA05F545EA08055CBF41FAFD
:10A6B80006F63543ED0703D52018044641EB07019C
:10A6C80004EA0E0401EA0C019DF8186018460D25ED
:10A6D8000532C6F1270604F00F03240944EA017481
:10A6E800091163B9A8420DDA013DF4D21AE01DB987
:10A6F8000125A5F2FF35A8E741F48011F9E7092BF8
:10A70800C8BF9B193033A8425355B8BF2846EBE75A
:10A718000023D9E70D23D7E78542E8D146F008069C
:10A7280016710020BDE8F0818542E5D146F00406A7
:10A73800F6E710B58378DA07044605D443F0040336
:10A74800A3704FF0FF3010BD4FF00002D4E85F3F18
:10A75800C4E8512F0029F9D19BB213B1581EC0B2D9
:10A76800F1E7A36898470028F9DA0130A37814BF05
:10A77800082204221343E3E702690346107810B164
:10A7880001321A6170476FF0010070478B78DA0761
:10A7980002D44FF0FF307047431CFAD0BFF35B8FF1
:10A7A800C0B2431CD1E85F2F002A04D1C1E85C3F46
:10A7B800BCF1000FF6D1BFF35B8FEAD18B7823F0A1
:08A7C80008038B7070470000CC
:08A7D0003864FF7F0100000066
:10A7D80000000000A8A80008692500080000000083
:10A7E80000000000C4A80008000000006CA90008D0
:10A7F80000000000A4A9000800000000C0A900088B
:10A808000000000088A900080000000050A9000806
:10A818000000000034A900080000000018A9000882
:10A8280000000000FCA8000800000000E0A80008E4
:10A83800FD9200080000000000000000DCA90008EC
:10A8480000000000F8A90008053C0008000000000E
:10A858000000000014AA00086D4C00080000000069
:10A86800C9350008000000000000000068AA0008C0
:10A87800000000004CAA00080000000030AA0008F0
:10A888000000000084AA000800000000A0AA000838
:10A8980000000000BCAA0008FD2400080000000019
:10A8A80067CE000800000000B4AD0008900000204A
:10A8B80000000000FD39000800000000B3D00008C7
:10A8C800FCB200086CAD00089A00002000000000EF
:10A8D80000000000000000009FC30008F8B0000856
:10A8E80028AD00087E000020E80400200D2600089E
:10A8F80000000000ADC300080CB1000828AD000836
:10A9080080000020F80400200D2600080000000048
:10A91800BBC3000820B1000828AD00088200002051
:10A92800080500200D26000800000000C9C3000823
:10A9380034B1000828AD0008840000201805002064
:10A948000D26000800000000D7C3000848B1000821
:10A9580028AD000886000020280500200D260008E4
:10A9680000000000E5C300085CB1000828AD00083D
:10A9780088000020380500200D260008000000008F
:10A98800F3C3000870B1000828AD00088A00002051
:10A99800480500200D2600080000000001C400083A
:10A9A80084B1000828AD00088C000020580500205C
:10A9B8000D260008000000002DCD00080000000052
:10A9C800000000008E000020000000004D36000846
:10A9D800000000000DD3000840B30008D0AD000807
:10A9E800A000002040000020D1490008000000001D
:10A9F8001DD3000888B30008D0AD0008A2000020CD
:10AA08004C000020D1490008000000008FC3000856
:10AA1800F0B00008000000007C00002000000000EA
:10AA28007D25000800000000FDCE0008E4B1000804
:10AA38004CAD00089200002010060020913E00084E
:10AA4800000000000ACF00081CB200084CAD000846
:10AA58009400002064060020913E000800000000D9
:10AA680017CF000854B200084CAD0008960000202B
:10AA7800B8060020913E00080000000024C000082D
:10AA88008CB2000864AD0008980000203400002053
:10AA980059400008000000009AD2000800B30008DE
:10AAA8007CAD00089C0000200C0700204F9D00088A
:10AAB80000000000A2D2000808B3000898AD000802
:10AAC8009E000020140700206546000800000000D2
:10AAD800000000009F920008000000009F920008FC
:10AAE800000000009F920008000000009F920008EC
:10AAF800000000009F920008000000009F920008DC
:10AB080081DC0008153700087FDC000815370008CD
:10AB18007DDC0008153700087BDC000815370008C5
:10AB280079DC000815370008000000009F92000833
:10AB3800000000009F920008000000009F9200089B
:10AB4800000000009F920008000000009F9200088B
:10AB5800000000009F920008000000009F9200087B
:10AB6800000000009F920008000000009F9200086B
:10AB7800000000009F920008000000009F9200085B
:10AB8800000000009F92000877DC000815370008D5
:10AB9800000000009F920008000000009F9200083B
:10ABA800000000009F920008000000009F9200082B
:10ABB800000000009F920008000000009F9200081B
:10ABC800000000009F92000868AA0008DB960008B1
:10ABD80068AA0008DF9600084CAA0008DB9600085F
:10ABE8004CAA0008DF960008000000009F920008A9
:10ABF800000000009F920008000000009F920008DB
:10AC0800000000009F920008000000009F920008CA
:10AC180075DC000815370008000000009F92000846
:10AC2800000000009F920008000000009F920008AA
:10AC3800000000009F920008000000009F9200089A
:10AC4800000000009F920008000000009F9200088A
:10AC5800000000009F920008000000009F9200087A
:10AC6800000000009F920008000000009F9200086A
:10AC7800000000009F920008000000009F9200085A
:10AC8800000000009F920008000000009F9200084A
:10AC9800000000009F920008000000009F9200083A
:10ACA800000000009F920008000000009F9200082A
:10ACB800000000009F920008000000009F9200081A
:10ACC800000000009F920008000000009F9200080A
:10ACD800000000009F920008000000009F920008FA
:10ACE800000000009F920008000000009F920008EA
:10ACF800000000009F920008000000009F920008DA
:10AD0800000000009F920008000000009F920008C9
:10AD180030AA0008DB96000830AA0008DF96000871
:10AD280019950008D7940008E3940008F5940008E2
:10AD3800FF9400080B950008D13C00082D3C000842
:10AD480000000000D53D0008AF95000837960008C0
:10AD5800000000000000000000000000D1420008D0
:10AD68004F9C0008659C0008859C0008A19C000871
:10AD7800BF9C000800000000000000000000000068
:10AD8800D9450008FD44000800000000000000004C
:10AD9800000000000000000000000000D39D000833
:10ADA8000B9E00080000000000000000CF93000880
:10ADB8001394000800000000E1380008859400089A
:10ADC800000000003F940008AB9E0008CD9E0008DC
:0CADD8004D9E0008314B0008039F00084E
:04ADE4000D1B00083B
:10ADE80044000000004000000100000000000000D6
:10ADF800050000000000000019000000000000002D
:10AE08007D0000000000000071020000000000004A
:10AE1800350C000000000000093D000000000000A3
:10AE28002D31010000000000E1F5050000000000E0
:10AE380065CD1D0000000000F9029500000000002B
:10AE4800DD0EE90200000000514A8D0E00000000EE
:10AE58009573C24800000000E941CC6B0100000076
:10AE68008D49FD1A07000000C16FF286230000001B
:10AE7800C52EBCA2B1000000D9E9AC2D78030000B2
:10AE88003D9160E45811000031D6E275BC560000CF
:10AE9800F52E6E4DAEB10100C9EA26836778080029
:10AEA800ED95C28F055A2A00A1EDCCCE1BC2D30066
:10AEB80025A4000A8BCA220400000000000000003C
:10AEC800000000000000001000000000000000006A
:10AED800B9340332B7F4AD1410DB1AB30892540E28
:10AEE8000D307D951447BA1A66088F4D26ADC66D8C
:10AEF800F598BF85E2B74511CA96853D92BD1DEB11
:10AF0800FCA11860DCEF52163C92AE220BB8C1B41B
:10AF1800839D2D5B0562DA1C304C7E8F4E8BB25BB5
:10AF280016F4529F8B56A512FBD4827643ED8AF015
:10AF38008FE7F9311565191850F19BD94A13EEB40A
:10AF4800284CF0A686C1251F035FC270CB9E491608
:10AF5800E642889C44EB2014B0650836AD6EA585A2
:10AF680085F0CA14E2FD031A0B899979D5B13D0918
:10AF7800D8DA973A35EBCF10AC363F5E73BB38CF93
:10AF88003E6752FA44AFBA15010000000000000005
:10AF98000000000000000020345065C05FC9A652C0
:10AFA800BB13CBAEC440C21806C8DF7100D5A87C5D
:10AFB800F56F0FDA58FC27136E4756357D24206548
:10AFC80002C7E768E48CA41DE9E60268D7CD3961B9
:10AFD8007977FCC2405BEF16798CDE43FFA751F905
:10AFE80091F3B278F5BDBE11E857E9D6E8BEE87B23
:10AFF800B054AC8F848D751BEA23A499E9F9D38BDF
:10B00800B7A3714061DA3E15CEE33ECB73F9480829
:10B018008C97B427D51B7010A2BFEFB9EB853215FA
:10B028004DB44DB49BBB6F1996B6076CF8E7EEADFF
:10B0380036D9B4F59135AE13222218AF4E6A684D51
:10B0480091DAAA3D4F40741E9FBD9EE006A1C098AC
:10B0580057C2A7FDA40E90170E7D497173E3208F88
:10B06800B220D87605143B12853D7434811343B061
:10B07800AD297A5F27F4351C0000000000000000AD
:10B08800358E0008458E00082D8E0008000000004F
:10B0980000000000338E0008378E0008B51D000838
:10B0A8000000000000000000B98E0008C98E0008EA
:10B0B8008D2100080000000000000000B78E000885
:10B0C800BB8E000881210008A4A900080700010020
:10B0D800A4A9000806000000A4A9000809000000AF
:10B0E800A4A90008080000003000000000000400C7
:10B0F800FFFF0000001C02400700000030000000B5
:10B1080080000000FFFF0000001802400600000059
:10B118003000000040000000FFFF00000014024063
:10B12800050000003000000020000000FFFF0000C4
:10B138000010024004000000300000001000000071
:10B14800FFFF0000000C0240030000003000000078
:10B1580008000000FFFF0000000802400200000095
:10B168003000000004000000FFFF0000000402405F
:10B17800010000003000000002000000FFFF000096
:10B188000000024000000000300000000100000044
:10B19800A4A9000888A900086CA9000850A90008FB
:10B1A80034A9000818A90008FCA80008E0A80008AD
:10B1B800000000200000000000000B060200000054
:10B1C800CCB1000800000008D6CC00082400020614
:10B1D80000000020DECC000820000B1111960008AA
:10B1E800FCB1000801000000005C0040801A060065
:10B1F80004B2000840000000000080000CB2000803
:10B208000100000014B200080200000000C9040098
:10B2180081C80400EB95000834B200080100000062
:10B2280000580040801A06003CB2000840000000A8
:10B238000000400044B20008010000004CB20008C1
:10B248000200000041C9040061C80400C595000857
:10B258006CB200080100000000540040801A06008B
:10B2680074B2000840000000000020007CB2000812
:10B278000100000084B200080200000001C90400B7
:10B2880021C9040000000040000000000000000088
:10B298000000000000000000ACB20008020000003E
:10B2A800BCB20008400000000100000015000000CA
:10B2B800FF000000C4B2000801000000CCB2000882
:10B2C80001000000004200003F9C0008439C000869
:10B2D800479C00084B9C0008040000004000000048
:10B2E8000004000001000000100000000001000040
:10B2F800001000000038024068AA00085D00000045
:10B3080028B30008400000000400000000080040C6
:10B3180000000000030000000000000060090000B9
:10B3280030B300080100000038B300080200000034
:10B33800C1440000E144000000440040A8A80008FF
:10B34800C4A800081104000068B300080100000048
:10B3580000000000000000000000000070B30008BA
:10B36800400000000000020078B30008010000005F
:10B3780080B3000802000000404E0400604E000048
:10B3880000100140A8A80008C4A800088404000010
:10B39800B0B3000801000000000000000000000039
:10B3A80000000000B8B300084400000010000000CE
:10B3B800C0B3000801000000C8B300080200000084
:10B3C800C14E0400E14E0000D8A70008D8A7000825
:10B3D80060A8000868A80008A0A80008A8A8000895
:10B3E8000000000000000000000000000000000055
:10B3F80000000040955969595555545515555556ED
:10B408000405154110545540455155444045504494
:10B4180050555545004000404004449665555655E2
:10B428004540455451411540559155555555405144
:10B4380005010000544554544555050400100410F6
:10B448001404400000000140555515415404000003
:10B4580044000100000000404100004450444550B1
:10B4680054005555545565510040004001000001F5
:10B47800000501001154515154555505001541500E
:10B488000000044010010405000000000010000046
:10B498000030574553545F544F504449522F7A65F2
:10B4A800706879722F696E636C7564652F7A657040
:10B4B8006879722F647269766572732F7561727418
:10B4C8002F756172745F696E7465726E616C2E6837
:10B4D8000064657620213D205F5F6E756C6C0041CD
:10B4E8005353455254494F4E204641494C205B2501
:10B4F800735D20402025733A25640A000964657647
:10B50800696365206973204E554C4C0A00287B20DE
:10B5180065787465726E20737472756374207561D2
:10B5280072745F6472697665725F617069205F75B5
:10B538006172745F6472697665725F6170695F6C6D
:10B548006973745F73746172745B5D3B20657874B2
:10B5580065726E20636F6E73742075696E74385FE0
:10B5680074205F756172745F6472697665725F6179
:10B5780070695F6578745F656E645B5D3B20282841
:10B58800636F6E73742075696E74385F74202A292E
:10B598002828636F6E7374207374727563742075D2
:10B5A8006172745F6472697665725F617069202A7E
:10B5B800296465762D3E61706929203C205F75619C
:10B5C80072745F6472697665725F6170695F6578CD
:10B5D800745F656E642026262028636F6E7374205E
:10B5E80075696E74385F74202A292828636F6E7312
:10B5F800742073747275637420756172745F6472F9
:10B60800697665725F617069202A296465762D3EC6
:10B6180061706929203E3D2028636F6E7374207520
:10B62800696E74385F74202A295F756172745F646B
:10B6380072697665725F6170695F6C6973745F7354
:10B6480074617274293B207D290075617274000948
:10B6580064657669636520415049206973206E6F7F
:10B66800742025730A004D6F64653A20434F4E538A
:10B6780054414E54206F72204C494E4541523F0A66
:10B688003E20004C494E454152004C696E6561723E
:10B69800204D6F64650A0044656661756C7420729C
:10B6A800616D703A20313020746F20313930206D4F
:10B6B8006C2F68722C202B332F6D696E2C20566FDF
:10B6C8006C756D653A20313030206D6C0A00557309
:10B6D80065205345545F52414D50203C737461724C
:10B6E800743E203C656E643E203C696E63723E2069
:10B6F800746F20637573746F6D697A652C206F722F
:10B7080020535441525420746F207573652064652A
:10B718006661756C740A00436F6E7374616E742091
:10B728004D6F64650A0044656661756C74207261CA
:10B7380074653A20313030206D6C2F68720A0055DC
:10B748007365205345545F52415445203C76616CE3
:10B7580075653E20746F20637573746F6D697A65C3
:10B768002C206F7220535441525420746F207573EB
:10B77800652064656661756C740A000A202020489B
:10B78800434520496E667573696F6E2050756D70FC
:10B7980020506C6174666F726D2076312E300A43CA
:10B7A8006D64733A2053544152547C53544F507C27
:10B7B80050415553457C52455345547C4D4F444563
:10B7C8007C5345545F524154457C5345545F524124
:10B7D8004D500A3E20002563005354415254003E08
:10B7E8003E20537461727465640A0053544F5000CC
:10B7F8003E3E2053746F707065640A005041555383
:10B8080045003E3E205061757365640A00524553F9
:10B818004554003E3E2052657365740A00534554F2
:10B828005F5241544520003E3E20496E76616C6966
:10B8380064207261746520286D75737420626520B8
:10B84800312D353030206D4C2F6872290A003E3E6C
:10B8580020526174652073657420746F20256420FC
:10B868006D4C2F68720A003E3E205345545F52418A
:10B878005445206F6E6C792076616C696420696E1E
:10B8880020434F4E5354414E54206D6F64650A0057
:10B898005345545F52414D502000256620256620AF
:10B8A8002566003E3E20496E76616C69642E2055FF
:10B8B800736167653A205345545F52414D50203CAF
:10B8C800696E697469616C3E203C66696E616C3EA4
:10B8D800203C696E6372656D656E743E0A003E3E7B
:10B8E8002052616D70207365743A202564202D3EC6
:10B8F800202564206D4C2F68722C202B25642F7313
:10B908007465700A004D4F4445003E3E204D6F64FB
:10B91800652073776974636865640A003E3E205544
:10B928006E6B6E6F776E0A005B50524553535552DB
:10B93800455D2043757272656E743A25642E253014
:10B948003264206B5061207C205468726573686F84
:10B958006C643A25642E25303264206B50610A00ED
:10B968005B5354415455535D20526174653A2564C4
:10B97800206D4C2F6872207C2044656C6976657256
:10B9880065643A25642E25303264206D4C207C2075
:10B9980045787065637465643A25642E2530326491
:10B9A800206D4C207C204465763A256425250A00C4
:10B9B8005B52414D505D20526174653A2564206D9B
:10B9C8004C2F6872207C2052656D61696E696E67C4
:10B9D8003A25642E25303264206D4C0A005B4441C0
:10B9E80054415D2074696D655F6D733A25642072FA
:10B9F8006174653A25640A003E3E20496E66757397
:10BA0800696F6E20636F6D706C657465640A005BA6
:10BA1800414C41524D5D20566F6C756D65206465D3
:10BA280076696174696F6E206578636565646564BD
:10BA3800203525250A005B414C41524D5D204F635E
:10BA4800636C7573696F6E2064657465637465648F
:10BA5800202D207072657373757265206F75742060
:10BA68006F662072616E67650A00574553545F54CC
:10BA78004F504449522F7A65706879722F696E6306
:10BA88006C7564652F7A65706879722F647269764F
:10BA98006572732F73656E736F722E6800287B2032
:10BAA80065787465726E207374727563742073653B
:10BAB8006E736F725F6472697665725F6170692018
:10BAC8005F73656E736F725F6472697665725F61CA
:10BAD80070695F6C6973745F73746172745B5D3BEA
:10BAE8002065787465726E20636F6E737420756953
:10BAF8006E74385F74205F73656E736F725F647203
:10BB0800697665725F6170695F6578745F656E6498
:10BB18005B5D3B202828636F6E73742075696E74B3
:10BB2800385F74202A292828636F6E737420737411
:10BB3800727563742073656E736F725F6472697671
:10BB480065725F617069202A296465762D3E61708F
:10BB58006929203C205F73656E736F725F64726938
:10BB68007665725F6170695F6578745F656E642081
:10BB780026262028636F6E73742075696E74385F8B
:10BB880074202A292828636F6E7374207374727561
:10BB980063742073656E736F725F64726976657221
:10BBA8005F617069202A296465762D3E6170692974
:10BBB800203E3D2028636F6E73742075696E74385B
:10BBC8005F74202A295F73656E736F725F64726990
:10BBD8007665725F6170695F6C6973745F737461B5
:10BBE8007274293B207D290073656E736F7200574C
:10BBF8004553545F544F504449522F7A65706879C1
:10BC0800722F696E636C7564652F7A6570687972D6
:10BC18002F647269766572732F6770696F2E68007A
:10BC2800286366672D3E706F72745F70696E5F6D12
:10BC380061736B202620286770696F5F706F72745C
:10BC48005F70696E735F74292831554C203C3C2025
:10BC58002870696E29292920213D20305500095571
:10BC68006E737570706F727465642070696E0A0007
:10BC7800287B2065787465726E207374727563749E
:10BC8800206770696F5F6472697665725F61706959
:10BC9800205F6770696F5F6472697665725F617053
:10BCA800695F6C6973745F73746172745B5D3B2068
:10BCB80065787465726E20636F6E73742075696E33
:10BCC80074385F74205F6770696F5F647269766546
:10BCD800725F6170695F6578745F656E645B5D3B18
:10BCE800202828636F6E73742075696E74385F74CA
:10BCF800202A292828636F6E737420737472756301
:10BD080074206770696F5F6472697665725F6170CD
:10BD180069202A29706F72742D3E61706929203C50
:10BD2800205F6770696F5F6472697665725F6170C2
:10BD3800695F6578745F656E642026262028636FC6
:10BD48006E73742075696E74385F74202A292828E8
:10BD5800636F6E737420737472756374206770698F
:10BD68006F5F6472697665725F617069202A2970F5
:10BD78006F72742D3E61706929203E3D2028636FE3
:10BD88006E73742075696E74385F74202A295F6732
:10BD980070696F5F6472697665725F6170695F6C04
:10BDA8006973745F7374617274293B207D2900671D
:10BDB80070696F00706F727420213D205F5F6E752F
:10BDC8006C6C0028666C6167732026202828312057
:10BDD8003C3C203429207C202831203C3C2035293B
:10BDE800292920213D20282831203C3C20342920A5
:10BDF8007C202831203C3C20352929000950756CCD
:10BE08006C20557020616E642050756C6C20446FF6
:10BE1800776E2073686F756C64206E6F742062652E
:10BE280020656E61626C65642073696D756C746100
:10BE38006E656F75736C790A0028666C616773208C
:10BE480026202831203C3C2031292920213D203042
:10BE5800207C7C2028666C6167732026202831208E
:10BE68003C3C20322929203D3D2030004641494CA8
:10BE78003A206C65645F70696E0A004641494C3A25
:10BE88002070776D0A004641494C3A206C70730A5D
:10BE9800004641494C3A20716465630A0048617262
:10BEA800647761726520696E697469616C697A6525
:10BEB80064204F4B0A00574553545F544F50444930
:10BEC800522F7A65706879722F696E636C75646534
:10BED8002F7A65706879722F647269766572732F2C
:10BEE80070776D2E6800287B2065787465726E20E7
:10BEF8007374727563742070776D5F6472697665A8
:10BF0800725F617069205F70776D5F6472697665D2
:10BF1800725F6170695F6C6973745F737461727466
:10BF28005B5D3B2065787465726E20636F6E737419
:10BF38002075696E74385F74205F70776D5F647206
:10BF4800697665725F6170695F6578745F656E6454
:10BF58005B5D3B202828636F6E73742075696E746F
:10BF6800385F74202A292828636F6E7374207374CD
:10BF7800727563742070776D5F6472697665725F3D
:10BF8800617069202A296465762D3E6170692920CF
:10BF98003C205F70776D5F6472697665725F61706F
:10BFA800695F6578745F656E642026262028636F54
:10BFB8006E73742075696E74385F74202A29282876
:10BFC800636F6E7374207374727563742070776D09
:10BFD8005F6472697665725F617069202A29646599
:10BFE800762D3E61706929203E3D2028636F6E736F
:10BFF800742075696E74385F74202A295F70776DB4
:10C008005F6472697665725F6170695F6C69737489
:10C018005F7374617274293B207D290070776D000D
:10C02800574553545F544F504449522F7A657068AE
:10C0380079722F6C69622F686561702F686561700D
:10C048002E630028616C69676E20262028616C6960
:10C05800676E202D20312929203D3D2030000961BF
:10C068006C69676E206D757374206265206120703D
:10C078006F776572206F6620320A00627974657383
:10C08800202F203855203C3D20307837666666558D
:10C098000009686561702073697A65206973207486
:10C0A8006F6F206269670A006279746573203E20A9
:10C0B800686561705F666F6F7465725F62797465D9
:10C0C8007328627974657329000968656170207343
:10C0D800697A6520697320746F6F20736D616C6C69
:10C0E8000A00686561705F737A203E206368756E28
:10C0F8006B737A2873697A656F66287374727563CF
:10C1080074207A5F686561702929006368756E6BB1
:10C11800305F73697A65202B206D696E5F6368757F
:10C128006E6B5F73697A65286829203C3D206865D5
:10C1380061705F737A002A2A2A2A2A2064656C6152
:10C1480079696E6720626F6F7420313030306D739B
:10C158002028706572206275696C6420636F6E6652
:10C16800696775726174696F6E29202A2A2A2A2ADA
:10C178000A002A2A2A20426F6F74696E67205A655E
:10C1880070687972204F53206275696C6420763428
:10C198002E342E302D333635312D676530376338E0
:10C1A80063663464363435202864656C6179656467
:10C1B80020626F6F7420313030306D7329202A2A45
:10C1C8002A0A00574553545F544F504449522F7A16
:10C1D80065706879722F696E636C7564652F7A650E
:10C1E800706879722F647269766572732F636C6FE9
:10C1F800636B5F636F6E74726F6C2E6800287B20B0
:10C2080065787465726E2073747275637420636CDC
:10C218006F636B5F636F6E74726F6C5F6472697665
:10C2280065725F617069205F636C6F636B5F636FDA
:10C238006E74726F6C5F6472697665725F61706943
:10C248005F6C6973745F73746172745B5D3B2065C6
:10C25800787465726E20636F6E73742075696E747E
:10C26800385F74205F636C6F636B5F636F6E7472AB
:10C278006F6C5F6472697665725F6170695F65781B
:10C28800745F656E645B5D3B202828636F6E737412
:10C298002075696E74385F74202A292828636F6EA8
:10C2A80073742073747275637420636C6F636B5F4F
:10C2B800636F6E74726F6C5F6472697665725F61CA
:10C2C8007069202A296465762D3E61706929203CB1
:10C2D800205F636C6F636B5F636F6E74726F6C5F0C
:10C2E8006472697665725F6170695F6578745F65AD
:10C2F8006E642026262028636F6E73742075696E1D
:10C3080074385F74202A292828636F6E7374207329
:10C31800747275637420636C6F636B5F636F6E74A4
:10C32800726F6C5F6472697665725F617069202AEA
:10C33800296465762D3E61706929203E3D20286379
:10C348006F6E73742075696E74385F74202A295F64
:10C35800636C6F636B5F636F6E74726F6C5F647234
:10C36800697665725F6170695F6C6973745F737415
:10C37800617274293B207D2900636C6F636B5F6376
:10C388006F6E74726F6C006D656D6F7279403430CA
:10C39800303234303030006770696F4034303032BA
:10C3A80031633030006770696F4034303032313873
:10C3B8003030006770696F4034303032313430309B
:10C3C800006770696F403430303231303030006788
:10C3D80070696F40343030323063303000677069D4
:10C3E8006F403430303230383030006770696F4019
:10C3F8003430303230343030006770696F40343058
:10C4080030323030303000574553545F544F504429
:10C4180049522F7A65706879722F696E636C7564FA
:10C42800652F7A65706879722F7370696E6C6F63A7
:10C438006B2E68007A5F7370696E5F6C6F636B5FF9
:10C4480076616C6964286C290009496E76616C69AB
:10C4580064207370696E6C6F636B2025700A007AB4
:10C468005F7370696E5F756E6C6F636B5F76616C1E
:10C478006964286C2900094E6F74206D79207370E7
:10C48800696E6C6F636B2025700A00574553545FC3
:10C49800544F504449522F7A65706879722F696EEB
:10C4A800636C7564652F7A65706879722F6B657235
:10C4B8006E656C2E6800216B5F69735F7072655FD3
:10C4C8006B65726E656C282900096B5F6375727203
:10C4D800656E745F6765742063616C6C6564207059
:10C4E80072652D6B65726E656C0A0072302F613152
:10C4F8003A2020307825303878202072312F613268
:10C508003A2020307825303878202072322F613355
:10C518003A20203078253038780A0072332F613479
:10C528003A2020307825303878207231322F6970DF
:10C538003A2020307825303878207231342F6C72C8
:10C548003A20203078253038780A002078707372C5
:10C558003A20203078253038780A00735B25326419
:10C568005D3A20203078253038782020735B2532DA
:10C57800645D3A20203078253038782020735B2598
:10C5880032645D3A20203078253038782020735B7B
:10C598002532645D3A20203078253038780A0066E4
:10C5A800707363723A20203078253038780A004654
:10C5B80061756C74696E6720696E737472756374E3
:10C5C800696F6E20616464726573732028723135F7
:10C5D8002F7063293A203078253038780A00556E54
:10C5E80068616E646C6564204952516E3A20256416
:10C5F8000A002A2A2A2A2A204D5055204641554CFD
:10C6080054202A2A2A2A2A0A002020537461636B9C
:10C61800696E67206572726F722028636F6E746529
:10C6280078742061726561206D696768742062653D
:10C63800206E6F742076616C6964290A0020205589
:10C648006E737461636B696E67206572726F720ACC
:10C658000020204461746120416363657373205630
:10C66800696F6C6174696F6E0A0020204D4D4641F8
:10C678005220416464726573733A20307825780AD1
:10C68800002020496E737472756374696F6E20415F
:10C6980063636573732056696F6C6174696F6E0AA2
:10C6A800002020466C6F6174696E672D706F696E2B
:10C6B80074206C617A792073746174652070726576
:10C6C800736572766174696F6E206572726F720A33
:10C6D80000574553545F544F504449522F7A657060
:10C6E8006879722F617263682F61726D2F636F7240
:10C6F800652F636F727465785F6D2F6661756C74F2
:10C708002E6300212828285343425F5479706520FE
:10C718002A292028283078453030304530303055A7
:10C728004C29202B20307830443030554C29202992
:10C738002D3E434653522026202831554C203C3C60
:10C7480020283055202B20345529292900095374D5
:10C7580061636B696E67206572726F72206E6F74A9
:10C76800206120737461636B206661696C0A0A003A
:10C778002A2A2A2A2A205553414745204641554C02
:10C7880054202A2A2A2A2A0A002020446976697312
:10C79800696F6E206279207A65726F0A00202055D1
:10C7A8006E616C69676E6564206D656D6F72792066
:10C7B8006163636573730A0020204E6F20636F7096
:10C7C800726F636573736F7220696E7374727563C9
:10C7D80074696F6E730A002020496C6C6567616C20
:10C7E800206C6F6164206F66204558435F52455442
:10C7F80055524E20696E746F2050430A002020491C
:10C808006C6C6567616C20757365206F6620746851
:10C818006520455053520A002020417474656D709C
:10C828007420746F206578656375746520756E640F
:10C838006566696E656420696E7374727563746980
:10C848006F6E0A002A2A2A2A2A2042555320464176
:10C85800554C54202A2A2A2A2A0A00202053746177
:10C86800636B696E67206572726F720A00202050D0
:10C8780072656369736520646174612062757320F1
:10C888006572726F720A002020424641522041644C
:10C8980064726573733A20307825780A002020493D
:10C8A8006D70726563697365206461746120627577
:10C8B80073206572726F720A002020496E73747259
:10C8C800756374696F6E20627573206572726F721A
:10C8D8000A005265736572766564204578636570F1
:10C8E80074696F6E20280053707572696F757320B4
:10C8F800696E7465727275707420284952512000EF
:10C90800535053454C20696E2074687265616420E9
:10C918006D6F646520646F6573206E6F7420696E37
:10C92800646963617465205053500A00657366201A
:10C93800213D202828766F6964202A29302900099A
:10C9480045534620636F756C64206E6F7420626572
:10C9580020726574726965766564207375636365B2
:10C96800737366756C6C792E205368616C6C206EDD
:10C9780065766572206F636375722E0A002A2A2A0B
:10C988002A2A2048415244204641554C54202A2AFC
:10C998002A2A2A0A002020427573206661756C7461
:10C9A800206F6E20766563746F72207461626C65A7
:10C9B80020726561640A00202044656275672065FD
:10C9C80076656E740A0020204661756C7420657364
:10C9D80063616C6174696F6E202873656520626598
:10C9E8006C6F77290A00415243485F4558434550C8
:10C9F80054207769746820726561736F6E2025789A
:10CA08000A0A00094661756C7420657363616C617C
:10CA180074696F6E20776974686F75742046535215
:10CA280020696E666F0A0009486172644661756C18
:10CA38007420776974686F7574204846535220696A
:10CA48006E666F205368616C6C206E657665722027
:10CA58006F636375720A002A2A2A2A2A20446562AB
:10CA68007567206D6F6E69746F7220657863657085
:10CA780074696F6E202A2A2A2A2A0A002A2A2A2A50
:10CA88002A20257320256429202A2A2A2A2A0A00EE
:10CA9800574553545F544F504449522F7A65706834
:10CAA80079722F617263682F61726D2F636F72657F
:10CAB8002F636F727465785F6D2F6972715F6D6136
:10CAC8006E6167652E63007072696F203C3D202897
:10CAD8002831554C203C3C2028342929202D203150
:10CAE800290009696E76616C6964207072696F72D9
:10CAF80069747920256420666F7220256420697224
:10CB080071212076616C756573206D757374206270
:10CB180065206C657373207468616E20256C750AD6
:10CB28000A00574553545F544F504449522F7A6571
:10CB3800706879722F617263682F61726D2F636FED
:10CB480072652F6D70752F61726D5F6D70752E63D4
:10CB58000009436F6E6669677572696E672025758F
:10CB680020737461746963204D505520726567693C
:10CB78006F6E73206661696C65640A0A0009436F09
:10CB88006E6669677572696E672025752064796EAF
:10CB9800616D6963204D505520726567696F6E73CA
:10CBA800206661696C65640A0A00095265717565D9
:10CBB800737420746F20636F6E6669677572653A67
:10CBC80020257520726567696F6E732028737570EC
:10CBD800706F727465643A202575290A0A00212845
:10CBE800726567696F6E5B6964785D2E64745F61F6
:10CBF8007474722026202831554C203C3C20283063
:10CC0800292929000952414D5F4E4F434143484568
:10CC180020776974682044545F4D454D5F43414314
:10CC2800484541424C452061747472696275746567
:10CC38000A0A00094661696C656420746F20616C9A
:10CC48006C6F63617465204D505520726567696F1C
:10CC58006E732066726F6D2044540A0A00282828D3
:10CC68004D50555F54797065202A2920282830783E
:10CC78004530303045303030554C29202B20307825
:10CC880030443930554C2920292D3E5459504520DF
:10CC980026202830784646554C203C3C20385529DB
:10CCA80029203E3E203855203D3D20380009496E58
:10CCB80076616C6964206E756D626572206F66209E
:10CCC8004D505520726567696F6E730A0A00464CAD
:10CCD8004153485F30005352414D5F300057455330
:10CCE800545F544F504449522F7A65706879722FB7
:10CCF8006C69622F6C6962632F636F6D6D6F6E2F45
:10CD0800736F757263652F7374646C69622F6D61DC
:10CD18006C6C6F632E63006C6F636B5F726574205D
:10CD28003D3D203000696E746572727570742D63B4
:10CD38006F6E74726F6C6C6572403430303133636F
:10CD4800303000574553545F544F504449522F7A5E
:10CD580065706879722F647269766572732F696E6F
:10CD6800746572727570745F636F6E74726F6C6CD9
:10CD780065722F696E74635F6770696F5F73746D36
:10CD880033322E63002828286C696E652920213DDE
:10CD980020305529202626202828286C696E6529E8
:10CDA80020262028286C696E6529202D20315529D8
:10CDB80029203D3D20305529290009496E76616CAE
:10CDC80069642F636F72727570746564204C4C5F70
:10CDD800455854495F4C494E455F6E2076616C75E5
:10CDE800650A0028286C696E6529203C2031203F9F
:10CDF800202D31203A202873697A656F66285F5F95
:10CE0800747970656F665F5F286C696E6529292083
:10CE18003E2034203F20283634202D205F5F627565
:10CE2800696C74696E5F636C7A6C6C286C696E658A
:10CE380029202D203129203A20283332202D205F27
:10CE48005F6275696C74696E5F636C7A286C696E71
:10CE58006529202D2031292929203C2031360072CE
:10CE680063634034303032333830300057455354E0
:10CE78005F544F504449522F7A65706879722F6910
:10CE88006E636C7564652F7A65706879722F647249
:10CE980069766572732F6770696F2F6770696F5F46
:10CEA8007574696C732E680063616C6C6261636B86
:10CEB80000094E6F2063616C6C6261636B210A002C
:10CEC80063616C6C6261636B2D3E68616E646C6556
:10CED8007200094E6F2063616C6C6261636B20683D
:10CEE800616E646C6572210A0063622D3E68616E32
:10CEF800646C6572006932634034303030356330B9
:10CF080030006932634034303030353830300069B1
:10CF18003263403430303035343030005745535464
:10CF28005F544F504449522F7A65706879722F695F
:10CF38006E636C7564652F7A65706879722F647298
:10CF480069766572732F72657365742E68006465FF
:10CF58007620213D202828766F6964202A293029E7
:10CF680000287B2065787465726E2073747275630F
:10CF7800742072657365745F6472697665725F6147
:10CF88007069205F72657365745F64726976657233
:10CF98005F6170695F6C6973745F73746172745BED
:10CFA8005D3B2065787465726E20636F6E737420C4
:10CFB80075696E74385F74205F72657365745F6439
:10CFC80072697665725F6170695F6578745F656EB6
:10CFD800645B5D3B202828636F6E73742075696EEF
:10CFE80074385F74202A292828636F6E737420733D
:10CFF80074727563742072657365745F64726976A0
:10D0080065725F617069202A296465762D3E6170BA
:10D018006929203C205F72657365745F6472697664
:10D0280065725F6170695F6578745F656E642026FC
:10D03800262028636F6E73742075696E74385F7468
:10D04800202A292828636F6E73742073747275639D
:10D05800742072657365745F6472697665725F6166
:10D068007069202A296465762D3E61706929203E01
:10D078003D2028636F6E73742075696E74385F7411
:10D08800202A295F72657365745F647269766572B8
:10D098005F6170695F6C6973745F7374617274291E
:10D0A8003B207D2900726573657400726573657431
:10D0B8002D636F6E74726F6C6C65720057455354B4
:10D0C8005F544F504449522F7A65706879722F69BE
:10D0D8006E636C7564652F7A65706879722F6472F7
:10D0E80069766572732F6932632E6800287B206524
:10D0F800787465726E207374727563742069326314
:10D108005F6472697665725F617069205F69326316
:10D118005F6472697665725F6170695F6C69737468
:10D128005F73746172745B5D3B2065787465726EC1
:10D1380020636F6E73742075696E74385F74205F36
:10D148006932635F6472697665725F6170695F6591
:10D1580078745F656E645B5D3B202828636F6E732F
:10D16800742075696E74385F74202A292828636FC3
:10D178006E737420737472756374206932635F64AC
:10D1880072697665725F617069202A296465762DF7
:10D198003E61706929203C205F6932635F6472696F
:10D1A8007665725F6170695F6578745F656E64202B
:10D1B80026262028636F6E73742075696E74385F35
:10D1C80074202A292828636F6E737420737472750B
:10D1D8006374206932635F6472697665725F617037
:10D1E80069202A296465762D3E61706929203E3DB3
:10D1F8002028636F6E73742075696E74385F7420AD
:10D208002A295F6932635F6472697665725F61704B
:10D21800695F6C6973745F7374617274293B207DF4
:10D22800290069326300574553545F544F504449AD
:10D23800522F7A65706879722F6472697665727395
:10D248002F73656E736F722F73742F6C7073323215
:10D2580068622F6C7073323268622E630063686193
:10D268006E203D3D2053454E534F525F4348414E3B
:10D278005F5052455353207C7C206368616E203D8B
:10D288003D2053454E534F525F4348414E5F414CFA
:10D298004C004C505332324842007164656334008C
:10D2A800574553545F544F504449522F7A6570681C
:10D2B80079722F647269766572732F73657269610A
:10D2C8006C2F756172745F73746D33322E630073E3
:10D2D800746D33325F7265675F72656164282675A5
:10D2E800736172742D3E42525229203E3D203136E0
:10D2F80000094261756452617465526567203E3D5C
:10D308002031360A0073657269616C403430303000
:10D31800343430300073657269616C4034303031B8
:10D328003130303000574553545F544F50444952C0
:10D338002F7A65706879722F647269766572732FB7
:10D3480074696D65722F636F727465785F6D5F7352
:10D3580079737469636B2E63007379735F636C6FA1
:10D36800636B5F69735F6C6F636B65642829000981
:10D3780073797374656D20636C6F636B206C6F6376
:10D388006B206E6F742068656C640A0057455354AF
:10D398005F544F504449522F7A65706879722F6BE9
:10D3A80065726E656C2F6465766963652E630072BD
:10D3B80063203E3D202D28307866662920262620C9
:10D3C8007263203C20300009646576696365202516
:10D3D8007320696E69743A20696E76616C6964209D
:10D3E8006572726F7220282564290A0057455354C4
:10D3F8005F544F504449522F7A65706879722F6B89
:10D4080065726E656C2F666174616C2E630072655F
:10D4180061736F6E20213D204B5F4552525F4B4533
:10D42800524E454C5F50414E494300094174746562
:10D438006D7074656420746F207265636F766572B1
:10D448002066726F6D2061206B65726E656C20704E
:10D45800616E696320636F6E646974696F6E0A0038
:10D46800574553545F544F504449522F7A6570685A
:10D4780079722F6B65726E656C2F696E69742E6395
:10D48800007468726561645F64617461203C3D206A
:10D498005F5F7374617469635F7468726561645F08
:10D4A800646174615F6C6973745F656E64000975AB
:10D4B8006E6578706563746564206C697374206543
:10D4C8006E64206C6F636174696F6E0A00646576C0
:10D4D800203C3D205F6465766963655F6C697374A1
:10D4E8005F656E64006D61696E00574553545F5403
:10D4F8004F504449522F7A65706879722F6B657264
:10D508006E656C2F69646C652E63005F6B65726E67
:10D51800656C2E637075735B305D2E637572726512
:10D528006E742D3E626173652E7072696F203E3D88
:10D53800203000574553545F544F504449522F7A76
:10D5480065706879722F6B65726E656C2F6D757476
:10D5580065782E630021617263685F69735F696E25
:10D568005F697372282900096D7574657865732081
:10D5780063616E6E6F7420626520757365642069DF
:10D588006E7369646520495352730A006D7574653A
:10D59800782D3E6C6F636B5F636F756E74203E20F1
:10D5A800305500574553545F544F504449522F7AD1
:10D5B80065706879722F6B65726E656C2F696E6322
:10D5C8006C7564652F6B73636865642E68002161F0
:10D5D8007263685F6972715F756E6C6F636B6564A7
:10D5E800286B65792900090A007468726561642DE1
:10D5F8003E626173652E70656E6465645F6F6E0070
:10D60800574553545F544F504449522F7A657068B8
:10D6180079722F6B65726E656C2F73656D2E630062
:10D628002828617263685F69735F696E5F697372E6
:10D638002829203D3D203029207C7C202828746919
:10D648006D656F7574292E7469636B73203D3D2079
:10D658002828286B5F74696D656F75745F74297B02
:10D66800307D29292E7469636B7329290057455326
:10D67800545F544F504449522F7A65706879722F1D
:10D688006B65726E656C2F7468726561642E6300D9
:10D69800282828287072696F2929203D3D203135B6
:10D6A800202626207A5F69735F69646C655F7468F9
:10D6B800726561645F656E7472792828656E74722C
:10D6C80079292929207C7C202828283135202D20DB
:10D6D8003129203E3D2028282D3136292929202688
:10D6E800262028287072696F2929203E3D20282885
:10D6F8002D313629292026262028287072696F297D
:10D7080029203C3D20283135202D20312929290088
:10D7180009696E76616C6964207072696F726974E8
:10D728007920282564293B20616C6C6F776564201B
:10D7380072616E67653A20256420746F2025640A3B
:10D74800000954687265616473206D6179206E6F99
:10D7580074206265206372656174656420696E2057
:10D76800495352730A0021657373656E7469616C5D
:10D77800000961626F7274656420657373656E7405
:10D7880069616C207468726561642025700A0057AD
:10D798004553545F544F504449522F7A6570687905
:10D7A800722F6B65726E656C2F696E636C7564653C
:10D7B8002F72756E5F712E6800217A5F69735F69D9
:10D7C800646C655F7468726561645F6F626A6563E3
:10D7D800742874687265616429002169735F7468CC
:10D7E800726561645F64756D6D79287468726561CE
:10D7F800642900574553545F544F504449522F7A77
:10D8080065706879722F6B65726E656C2F696E63CF
:10D818006C7564652F6B7468726561642E68005F4F
:10D828006B65726E656C2E637075735B305D2E630D
:10D83800757272656E7420213D202828766F6964A0
:10D84800202A29302900574553545F544F504449E2
:10D85800522F7A65706879722F6B65726E656C2FBE
:10D86800696E636C7564652F6B737761702E6800E1
:10D87800617263685F6972715F756E6C6F636B6507
:10D8880064286B657929207C7C205F6B65726E65E6
:10D898006C2E637075735B305D2E63757272656E86
:10D8A800742D3E626173652E7468726561645F737E
:10D8B8007461746520262028282831554C203C3C6A
:10D8C800202830292929207C20282831554C203C23
:10D8D8003C202833292929290009436F6E7465786B
:10D8E8007420737769746368696E67207768696CF8
:10D8F8006520686F6C64696E67206C6F636B210AC2
:10D9080000574553545F544F504449522F7A65701D
:10D918006879722F6B65726E656C2F7363686564C6
:10D928002E6300217465726D696E6174650009610A
:10D93800626F72746564205F63757272656E7420BD
:10D948006261636B2066726F6D20646561640A00B2
:10D9580073697A656F66285F73636865645F73705F
:10D96800696E6C6F636B29203D3D2030207C7C20E4
:10D978006C6F636B20213D20265F73636865645F6D
:10D988007370696E6C6F636B00574553545F544FE7
:10D99800504449522F7A65706879722F6B65726EA0
:10D9A800656C2F736C6565702E6300574553545F23
:10D9B800544F504449522F7A65706879722F6B65BD
:10D9C800726E656C2F7363686564756C65722E631F
:10D9D800005F6B65726E656C2E637075735B305D8E
:10D9E8002E63757272656E742D3E626173652E7357
:10D9F800636865645F6C6F636B656420213D2031EB
:10DA080055005F6B65726E656C2E637075735B3065
:10DA18005D2E63757272656E742D3E626173652E3C
:10DA280073636865645F6C6F636B656420213D2078
:10DA3800305500574553545F544F504449522F7A3C
:10DA480065706879722F6B65726E656C2F74696D7D
:10DA580065736C6963696E672E6300282874696D45
:10DA6800656F75742920262620282875696E7470BC
:10DA780074725F742928736C6963655F74696D6576
:10DA88006F7574732929203C3D20282875696E74A8
:10DA98007074725F74292874696D656F75742929AB
:10DAA80020262620282875696E747074725F742980
:10DAB8002874696D656F75742929203C202828759C
:10DAC800696E747074725F7429282628736C696390
:10DAD800655F74696D656F757473295B2828736950
:10DAE8007A655F7429282828696E742973697A65AC
:10DAF8006F6628636861725B31202D202832202AE6
:10DB0800202128215F5F6275696C74696E5F747982
:10DB18007065735F636F6D70617469626C655F7067
:10DB2800285F5F747970656F665F5F28736C6963DF
:10DB3800655F74696D656F757473292C205F5F74F8
:10DB48007970656F665F5F282628736C6963655F07
:10DB580074696D656F757473295B305D292929298E
:10DB68005D29202D203129202B202873697A656FA3
:10DB78006628736C6963655F74696D656F75747326
:10DB880029202F2073697A656F662828736C69636A
:10DB9800655F74696D656F757473295B305D2929DC
:10DBA80029295D29292026262028282875696E74A8
:10DBB8007074725F74292874696D656F757429298A
:10DBC800202D20282875696E747074725F74292856
:10DBD800736C6963655F74696D656F757473292902
:10DBE8002920252073697A656F662828736C696314
:10DBF800655F74696D656F757473295B305D292085
:10DC08003D3D20302900574553545F544F504449F7
:10DC1800522F7A65706879722F6B65726E656C2FFA
:10DC280074696D656F75742E6300217379735F6411
:10DC38006E6F64655F69735F6C696E6B65642826D7
:10DC4800746F2D3E6E6F64652900696E66006E61A3
:10DC58006E00286E756C6C29006364696E6F707352
:10DC68007578585B6165666741454647000A060551
:10DC7800050401030102010101000100010203047E
:10DC8800050600020406080A0C0000080000000847
:10DC9800000000000404040000000000000000016F
:10DCA80002030406070809616E006E66696E6974EE
:10DCB8007900616E006E66696E6974790000000013
:10DCC800C4B00008B0B00008A0AA00080B91000872
:10DCD80000000000F39200080000000000000000AF
:10DCE80020000020200000200000000000000000AC
:10DCF8000E00000000000000C4A800080004000096
:10DD08004400002000C20100000103005000002070
:10DD180000C20100000103000024F400C800000054
:10DD2800FFFFFFFF6400002064000020FFFFFFFFEB
:0CDD3800FFFFFFFFFFFFFFFFFFFFFFFFEB
:10DD440000000000000000000000000000000000CF
:10DD540000000000000000000000000000000000BF
:08DD64000000000000000000B7
:10DD6C00A4000020A400002000000000000000001F
:04DD7C000E00000095
:04DD800015E015E0B5
:0400000508002DC9F9
:00000001FF
